ISFT,EQ,126.75,131.95,126.55,128.9,129.9,126.75,9033,1167080,05-NOV-2018,263,INE566K01011,
ISMTLTD,EQ,6.35,6.35,5.75,5.9,5.9,5.95,12042,73215.6,05-NOV-2018,38,INE732F01019,
ITC,EQ,285.25,285.25,278.4,279.6,279.95,283.25,7381232,2069938751.5,05-NOV-2018,83445,INE154A01025,
ITDC,EQ,300.4,304.5,295.3,298.6,299,301.15,8166,2448409.8,05-NOV-2018,405,INE353K01014,
ITDCEM,EQ,114.9,115.3,113,114.25,114,114.1,67574,7740340.2,05-NOV-2018,1673,INE686A01026,
ITI,EQ,80,88.65,79.25,87.5,87.25,80.8,2343416,201236416.85,05-NOV-2018,15159,INE248A01017,
IVC,EQ,6.95,7.3,6.95,7.05,7.1,7.3,675357,4728545.1,05-NOV-2018,988,INE050B01023,
IVP,EQ,149.55,149.55,141,143.25,144.9,143.8,655,94038.9,05-NOV-2018,44,INE043C01018,
IVRCLINFRA,EQ,1.25,1.3,1.25,1.3,1.3,1.25,253684,320653.65,05-NOV-2018,112,INE875A01025,
IVZINGOLD,EQ,2915,2915.1,2877,2915,2915,2875.1,104,302635.3,05-NOV-2018,21,INF205K01361,
IVZINNIFTY,EQ,1289,1317.68,1150,1317.68,1317.68,1093,34,42403.68,05-NOV-2018,14,INF205K01DA9,
IZMO,EQ,72,73.05,69.7,70.75,70.5,71.35,54569,3894446.2,05-NOV-2018,568,INE848A01014,
J&KBANK,EQ,42.15,42.15,41.05,41.25,41.25,41.6,317701,13176651.25,05-NOV-2018,6520,INE168A01041,
JAGRAN,EQ,108.8,111,107.3,108,107.5,107.15,48839,5326341.6,05-NOV-2018,1112,INE199G01027,
JAGSNPHARM,EQ,30,30,27.7,28.1,28.05,28.6,3280,92010.65,05-NOV-2018,64,INE048B01027,
JAIBALAJI,BE,16.8,16.8,15.2,16.6,16.25,16,16432,272448.95,05-NOV-2018,58,INE091G01018,
JAICORPLTD,EQ,108,109.65,105.6,106.75,106.45,108.6,717214,76953357.55,05-NOV-2018,6455,INE070D01027,
JAINSTUDIO,BE,7.1,7.1,7.1,7.1,7.1,7.45,613,4352.3,05-NOV-2018,16,INE486B01011,
JAKHARIA,SM,185,185,185,185,185,185,7200,1332000,05-NOV-2018,4,INE00N401018,
JAMNAAUTO,EQ,73,77.7,73,76.1,76.15,73.5,1572710,119231422.45,05-NOV-2018,10182,INE039C01032,
JASH,SM,97.5,98,97.5,98,98,100,2400,234600,05-NOV-2018,2,INE039O01011,
JAYAGROGN,EQ,226,272.8,226,260.75,260.95,229.25,254206,65467131.05,05-NOV-2018,6952,INE785A01026,
JAYBARMARU,EQ,334,396.95,334,363.6,360,330.8,330581,123207628.15,05-NOV-2018,9700,INE571B01028,
JAYNECOIND,EQ,5,5.1,4.6,4.85,4.85,4.9,34903,168395.45,05-NOV-2018,49,INE854B01010,
JAYSREETEA,EQ,93.8,97,89.15,95.65,95.55,89.85,394688,37156259.05,05-NOV-2018,4204,INE364A01020,
JBCHEPHARM,EQ,310.95,316,307,308.1,309,309.6,88508,27381105.65,05-NOV-2018,4160,INE572A01028,
JBFIND,EQ,19.45,20.1,18.65,20.1,20.1,19.15,167681,3248046.85,05-NOV-2018,601,INE187A01017,
JBMA,EQ,296,319,286,314.95,315,294.75,101936,31736339.1,05-NOV-2018,2506,INE927D01028,
JCHAC,EQ,1753.45,1795,1752.55,1782.95,1788.7,1779.2,612,1084444.55,05-NOV-2018,195,INE782A01015,
JETAIRWAYS,EQ,230,254.95,227.1,251.2,250.25,229.15,11077630,2687213162.85,05-NOV-2018,91524,INE802G01018,
JHS,EQ,26.2,26.65,25.6,26.05,25.9,26.2,31927,836342.05,05-NOV-2018,263,INE544H01014,
JIKIND,BE,0.4,0.4,0.35,0.35,0.35,0.4,26,10.35,05-NOV-2018,2,INE026B01049,
JINDALPHOT,EQ,30.65,32.1,30.65,32,31.9,31.95,7330,233963.5,05-NOV-2018,54,INE796G01012,
JINDALPOLY,EQ,282,288,276.85,283.7,285.1,280.55,25253,7166158.6,05-NOV-2018,948,INE197D01010,
JINDALSAW,EQ,87.65,90.75,86.4,88,87.95,87.95,662506,58667247.4,05-NOV-2018,6239,INE324A01024,
JINDALSTEL,EQ,183,187.85,180.25,182.9,182.5,184.8,6834069,1256212974.9,05-NOV-2018,46691,INE749A01030,
JINDCOT,EQ,4,4,3.9,4,4,4,4892,19464.3,05-NOV-2018,20,INE904J01016,
JINDRILL,EQ,128,133,126.8,129.3,129.75,130.4,21311,2778077,05-NOV-2018,324,INE742C01031,
JINDWORLD,EQ,61,62.9,56.25,60.35,60,61.35,132020,7822902.2,05-NOV-2018,1614,INE247D01039,
JISLDVREQS,EQ,46,46.45,45,45.95,46.05,45.95,12764,585219.95,05-NOV-2018,159,IN9175A01010,
JISLJALEQS,EQ,74.5,75.5,72.95,74.85,75.2,74.95,2838468,210850228.25,05-NOV-2018,11311,INE175A01038,
JITFINFRA,BE,18.1,18.95,17.5,18.9,18.9,18.1,2944,54361.6,05-NOV-2018,40,INE863T01013,
JKCEMENT,EQ,693,700,678.35,693.85,686.6,699.95,17003,11752107.45,05-NOV-2018,1720,INE823G01014,
JKIL,EQ,138,140,135.7,138.6,138.35,135.7,69111,9544271.6,05-NOV-2018,1642,INE576I01022,
JKLAKSHMI,EQ,272.8,272.8,264.1,265.2,265,268.7,53637,14266138.8,05-NOV-2018,3910,INE786A01032,
JKPAPER,EQ,178,182.7,177.5,179.75,179.7,176.6,1244029,223859551.35,05-NOV-2018,11696,INE789E01012,
JKTYRE,EQ,109.2,111.65,107.5,108.5,108.7,109.25,626565,68259183.95,05-NOV-2018,6874,INE573A01042,
JMA,EQ,170,170,165,165.8,169,169.1,611,101741.5,05-NOV-2018,10,INE412C01015,
JMCPROJECT,EQ,88.3,90.9,85.15,86.05,85.15,87.85,64466,5653722.25,05-NOV-2018,1858,INE890A01024,
JMFINANCIL,EQ,76.9,77.55,73.3,74.05,74.35,76.9,1247091,93662895.4,05-NOV-2018,10763,INE780C01023,
JMTAUTOLTD,EQ,2.75,2.85,2.75,2.85,2.85,2.75,39240,111576.7,05-NOV-2018,48,INE988E01036,
JOCIL,EQ,127.25,127.25,113.75,119.4,120,129.9,6667,799432.35,05-NOV-2018,241,INE839G01010,
JPASSOCIAT,EQ,6.8,6.85,6.35,6.75,6.8,6.75,39224441,260618282.45,05-NOV-2018,14922,INE455F01025,
JPINFRATEC,EQ,2.4,2.4,2.3,2.35,2.35,2.4,1298714,3056544.1,05-NOV-2018,537,INE099J01015,
JPOLYINVST,EQ,40.45,40.45,37,37.1,37.1,37.05,79,3047.5,05-NOV-2018,18,INE147P01019,
JPPOWER,EQ,2.1,2.1,2,2.1,2.1,2,9671919,20211615.7,05-NOV-2018,1813,INE351F01018,
JSL,EQ,52.8,53.55,51.7,51.95,51.8,52.8,250220,13146163,05-NOV-2018,3123,INE220G01021,
JSLHISAR,EQ,103,103.3,100.55,101.85,101.9,103.45,255829,26073744.35,05-NOV-2018,3468,INE455T01018,
JSWENERGY,EQ,66.05,68.8,64.15,67.95,67.9,65.7,1433425,95935237,05-NOV-2018,10781,INE121E01018,
JSWHL,EQ,2205,2273.4,2205,2267.85,2262.45,2246.9,1247,2803002.5,05-NOV-2018,380,INE824G01012,
JSWSTEEL,EQ,351.9,359.9,346.55,353.65,354,352.8,3683598,1301402296.8,05-NOV-2018,60063,INE019A01038,
JSWSTEEL,P2,6.95,7,6.95,7,7,7,13089,91531.75,05-NOV-2018,15,INE019A04024,
JTEKTINDIA,EQ,114.9,117.9,113.7,115.4,115.4,114.3,47982,5554361.6,05-NOV-2018,618,INE643A01035,
JUBILANT,EQ,704.4,729,703.15,721,717.4,702.35,331593,238344968.1,05-NOV-2018,15447,INE700A01033,
JUBLFOOD,EQ,1084.8,1084.95,1045,1052.1,1054.1,1080.1,1654893,1750875292.05,05-NOV-2018,57154,INE797F01012,
JUBLINDS,EQ,109.95,114,108.2,111.95,112,109.9,3201,358757.4,05-NOV-2018,126,INE645L01011,
JUNIORBEES,EQ,283.7,289.2,274,280.33,280.67,278.09,51261,14305522.36,05-NOV-2018,2285,INF732E01045,
JUSTDIAL,EQ,481.15,509.15,479.1,501.2,502.65,490.75,2864208,1421598933.7,05-NOV-2018,42793,INE599M01018,
JVLAGRO,BZ,5,5.1,5,5.1,5.1,4.9,14303,72931.3,05-NOV-2018,25,INE430G01026,
JYOTHYLAB,EQ,190,192.45,188.3,189.75,189.75,191.3,19266,3671647.35,05-NOV-2018,1130,INE668F01031,
JYOTISTRUC,BZ,2.1,2.2,2.1,2.2,2.2,2.1,8800,18993.6,05-NOV-2018,19,INE197A01024,
KABRAEXTRU,EQ,75.2,76.8,74.3,75.5,75.7,76.3,8421,635418.85,05-NOV-2018,182,INE900B01029,
KAJARIACER,EQ,408,421.7,401.5,418.65,418,408.65,645623,267650498.55,05-NOV-2018,20805,INE217B01036,
KAKATCEM,EQ,209.95,210.45,205.6,207.7,205.6,207.25,5144,1072081.05,05-NOV-2018,255,INE437B01014,
KALPATPOWR,EQ,368.1,368.45,349.2,349.95,350.95,368.2,47570,16849538.1,05-NOV-2018,2830,INE220B01022,
KALYANIFRG,BE,325.7,325.7,304.25,315,315,313,15,4638.85,05-NOV-2018,3,INE314G01014,
KAMATHOTEL,EQ,42.95,43.2,40.4,40.7,41,41.8,60084,2495794.9,05-NOV-2018,590,INE967C01018,
KAMDHENU,EQ,179.6,179.6,171,173.8,177,174.75,6652,1151374.9,05-NOV-2018,89,INE390H01012,
KANANIIND,EQ,5.8,5.85,5.3,5.85,5.85,5.95,3858,22189.75,05-NOV-2018,29,INE879E01037,
KANORICHEM,EQ,60.95,61.45,58.25,61,61,60.65,8226,497177.2,05-NOV-2018,126,INE138C01024,
KANSAINER,EQ,389,394.75,375.1,385.5,384.25,389.85,275441,106597662.3,05-NOV-2018,11609,INE531A01024,
KAPSTON,SM,88,88,88,88,88,87.5,1200,105600,05-NOV-2018,1,INE542Z01010,
KARDA,EQ,157,180.25,127.1,160.15,158,157.85,522503,84454778.7,05-NOV-2018,5030,INE278R01018,
KARMAENG,EQ,19.7,21.7,19.7,20.15,21.65,20.7,9501,199722.8,05-NOV-2018,37,INE725L01011,
KARURVYSYA,EQ,78.2,79.6,78,78.95,78.6,78.65,514671,40525212.65,05-NOV-2018,9512,INE036D01028,
KAVVERITEL,EQ,8.25,8.25,7.9,8.2,8.2,8,30,238.35,05-NOV-2018,8,INE641C01019,
KAYA,EQ,790,790,728.7,741.5,737,805.5,29922,22527774.1,05-NOV-2018,2502,INE587G01015,
KCP,EQ,98.55,100.4,97.95,98.9,99,99,24888,2464766.55,05-NOV-2018,451,INE805C01028,
KCPSUGIND,EQ,18.9,19.15,18.7,18.85,18.85,18.9,126710,2399837,05-NOV-2018,333,INE790B01024,
KDDL,EQ,419.95,430,410.15,423.75,424.9,396.1,2354,989120.65,05-NOV-2018,163,INE291D01011,
KEC,EQ,307,307,290,290.75,291.95,304.4,360484,106201564.55,05-NOV-2018,7907,INE389H01022,
KECL,EQ,19.15,19.25,18.3,18.65,18.8,18.85,30693,570607.3,05-NOV-2018,151,INE134B01017,
KEERTI,SM,62,62,59.75,59.75,59.75,59.45,16000,987500,05-NOV-2018,8,INE586X01012,
KEI,EQ,361.5,384.4,350.25,378.1,379.9,363.85,382435,142493392.25,05-NOV-2018,21455,INE878B01027,
KELLTONTEC,EQ,30.95,34.3,30.55,31.15,31.55,30.6,152815,4868536.5,05-NOV-2018,2144,INE164B01022,
KERNEX,BE,22,22.25,20.45,20.8,20.8,21.2,1518,32684.75,05-NOV-2018,12,INE202H01019,
KESARENT,BE,29.05,30.45,28,29.5,29.5,29,1824,54014.7,05-NOV-2018,16,INE133B01019,
KESORAMIND,EQ,60.55,61.8,59.8,61.1,61.45,60.7,87349,5290399.55,05-NOV-2018,1139,INE087A01019,
KEYCORPSER,EQ,57.05,57.05,57.05,57.05,57.05,60,100,5705,05-NOV-2018,1,INE681C01015,
KGL,BE,1.45,1.45,1.35,1.35,1.4,1.4,400850,558720.5,05-NOV-2018,96,INE299C01024,
KHADIM,EQ,594,605,586.05,590.4,590.2,590.15,8463,5053075.1,05-NOV-2018,863,INE834I01025,
KHAITANLTD,EQ,40.8,47.4,39.5,41.75,41.95,40.35,12038,519993.8,05-NOV-2018,194,INE731C01018,
KICL,EQ,2018.45,2038.25,1995.05,2029.25,2038.25,2018.1,346,697815.35,05-NOV-2018,63,INE029L01018,
KILITCH,EQ,183.7,199.9,183,195.85,197,181.05,223930,43601080.9,05-NOV-2018,5455,INE729D01010,
KINGFA,EQ,660,663.15,630,662.85,663,631.6,2833,1859498.2,05-NOV-2018,142,INE473D01015,
KIOCL,EQ,167.95,169.8,163.05,167.25,166.1,163.65,22340,3720748.7,05-NOV-2018,350,INE880L01014,
KIRIINDUS,EQ,480,487,471,481.3,480,480.25,47227,22664574.35,05-NOV-2018,2692,INE415I01015,
KIRLOSBROS,EQ,215.4,215.4,188.65,191.25,192,209.5,77939,15242261.35,05-NOV-2018,2875,INE732A01036,
KIRLOSENG,EQ,223.9,226.4,213.05,217.15,217.9,221.4,237727,53238660.4,05-NOV-2018,590,INE146L01010,
KIRLOSIND,EQ,963.3,1008.7,962.2,1001.7,1003,972.6,134,133756.45,05-NOV-2018,39,INE250A01039,
KITEX,EQ,119.8,127.9,108,114.75,114.35,117.4,513322,61172638.25,05-NOV-2018,6164,INE602G01020,
KKCL,EQ,1304.55,1325,1300.35,1314.25,1325,1324.35,171,224199.3,05-NOV-2018,39,INE401H01017,
KMSUGAR,EQ,8.6,8.95,8.6,8.75,8.7,8.8,114985,1006310.6,05-NOV-2018,286,INE157H01023,
KNRCON,EQ,192,192.7,186.8,190.7,192,192.05,28976,5471984.35,05-NOV-2018,1070,INE634I01029,
KOHINOOR,EQ,31.5,36.15,31.2,34.95,34.65,31.45,874166,30247510.9,05-NOV-2018,6251,INE080B01012,
KOKUYOCMLN,EQ,107.95,108.3,105,106.45,106.95,107.65,15614,1661244.5,05-NOV-2018,315,INE760A01029,
KOLTEPATIL,EQ,242,246.85,236.15,238.6,238.15,242.65,19122,4603124.85,05-NOV-2018,814,INE094I01018,
KOPRAN,EQ,38.9,39.6,37.6,38.85,38.6,38.6,84828,3284672,05-NOV-2018,691,INE082A01010,
KOTAKBANK,EQ,1135,1135,1115.5,1129.45,1130,1133.2,1403820,1579905140.4,05-NOV-2018,41992,INE237A01028,
KOTAKBKETF,EQ,268.8,274.1,261.7,263.44,264.28,263.57,3222,847787.27,05-NOV-2018,106,INF174K01F59,
KOTAKGOLD,EQ,282.5,285,280,283.3,282.45,283.45,234420,66613867.1,05-NOV-2018,5976,INF373I01049,
KOTAKNIFTY,EQ,107.78,108.01,107.22,107.93,107.9,107.87,29802,3210336.23,05-NOV-2018,362,INF174K014P6,
KOTAKNV20,EQ,60,61,53.1,53.38,53.5,53.34,6866,368275.04,05-NOV-2018,85,INF174K01Z71,
KOTAKPSUBK,EQ,293,303.02,293,299.49,299.99,295.98,4789,1430827.04,05-NOV-2018,90,INF373I01023,
KOTARISUG,BE,11.6,11.75,11.05,11.25,11.25,11.35,9863,113289.95,05-NOV-2018,34,INE419A01022,
KOTHARIPET,EQ,21.15,21.2,20.3,20.4,20.7,20.5,1987,40826,05-NOV-2018,20,INE720A01015,
KOTHARIPRO,EQ,110,110,101.2,103.5,103.75,105.4,6688,686656.35,05-NOV-2018,321,INE823A01017,
KPIT,EQ,208.1,218.5,208.1,217.65,217,209.8,1504694,324233147.75,05-NOV-2018,15598,INE836A01035,
KPRMILL,EQ,608,608,589,598.85,595,599.65,24825,14799333.85,05-NOV-2018,1246,INE930H01023,
KRBL,EQ,342,342,330.8,332.25,332,338.15,128902,43412464.85,05-NOV-2018,3572,INE001B01026,
KREBSBIO,EQ,93.3,102.8,90.5,102.75,102.8,99.3,244,23944.75,05-NOV-2018,22,INE268B01013,
KRIDHANINF,EQ,51,52.9,51,52.5,52.5,51.75,62285,3258110.2,05-NOV-2018,625,INE524L01026,
KRISHANA,SM,36,36,36,36,36,36,112000,4032000,05-NOV-2018,3,INE506W01012,
KSB,EQ,780,790,760.5,767.7,761,776.1,4010,3120411.5,05-NOV-2018,689,INE999A01015,
KSCL,EQ,502.9,509.1,492.7,500.6,496.8,502.45,193589,97031862.1,05-NOV-2018,4098,INE455I01029,
KSERASERA,EQ,0.15,0.15,0.1,0.15,0.15,0.1,4264882,625830.3,05-NOV-2018,400,INE216D01026,
KSHITIJPOL,SM,34.65,34.65,34.65,34.65,34.65,34.85,4000,138600,05-NOV-2018,1,INE013801019,
KSK,EQ,1.05,1.05,1.05,1.05,1.05,1,86090,90394.5,05-NOV-2018,51,INE143H01015,
KSL,EQ,240.15,252,240.15,247.3,248.1,239.85,56139,13860235.15,05-NOV-2018,1801,INE907A01026,
KTIL,EQ,70.15,77.45,67.6,72.05,72.15,70.25,2158,154397.5,05-NOV-2018,68,INE096L01025,
KTKBANK,EQ,104.4,105.9,103.15,105.1,105.2,104.2,1531222,160579662.15,05-NOV-2018,7302,INE614B01018,
KWALITY,EQ,6.7,6.7,6.7,6.7,6.7,6.4,7644586,51218726.2,05-NOV-2018,3313,INE775B01025,
L&TFH,EQ,134.45,138.65,132.7,136,136.3,134.15,10410336,1412560099.45,05-NOV-2018,76271,INE498L01015,
L&TFINANCE,N4,1014.01,1021.94,1014,1016.81,1014.2,1014.9,579,589729.5,05-NOV-2018,14,INE523E07459,
L&TINFRA,N2,1730,1730,1730,1730,1730,1722.1,20,34600,05-NOV-2018,1,INE691I07174,
L&TINFRA,N3,1017.01,1020.11,1017.01,1020.11,1020.11,1019.8,81,82562.4,05-NOV-2018,5,INE691I07182,
L&TINFRA,N4,1695.2,1705,1695.1,1705,1705,1702,170,288792.2,05-NOV-2018,11,INE691I07190,
L&TINFRA,N5,1008.1,1008.1,1008.1,1008.1,1008.1,1010,50,50405,05-NOV-2018,3,INE691I07224,
L&TINFRA,N6,1761.5,1770.2,1761.5,1770.15,1770.2,1765,146,257905,05-NOV-2018,10,INE691I07232,
LAGNAM,SM,22,22,22,22,22,21.5,3000,66000,05-NOV-2018,1,INE548Z01017,
LAKPRE,BZ,11,11.55,11,11.55,11.55,11,11260,129987.5,05-NOV-2018,7,INE651C01018,
LAKSHMIEFL,BZ,8.4,8.5,8.05,8.05,8.05,8.45,16780,137389.75,05-NOV-2018,61,INE992B01026,
LAKSHVILAS,EQ,90.25,90.3,88.6,89.7,89,90.25,534082,47913924.15,05-NOV-2018,2324,INE694C01018,
LALPATHLAB,EQ,887,902.05,875.25,886.75,885,887.45,132102,118486030.2,05-NOV-2018,2262,INE600L01024,
LAMBODHARA,EQ,40.6,42.2,40.6,41.9,42,41.5,4346,180832.35,05-NOV-2018,73,INE112F01022,
LAOPALA,EQ,229.9,233,222,223.5,222.45,224.35,66738,15066236.05,05-NOV-2018,2054,INE059D01020,
LASA,EQ,19.15,20.7,19.05,20.7,20.7,19.75,17674,355930.3,05-NOV-2018,93,INE670X01014,
LAURUSLABS,EQ,371,371,360,364.7,364.15,367,31342,11470291.8,05-NOV-2018,719,INE947Q01010,
LAXMICOT,SM,14,14,14,14,14,14,6000,84000,05-NOV-2018,1,INE801V01019,
LAXMIMACH,EQ,6000,6000,5850,5873.4,5865,5946.9,1788,10546026.15,05-NOV-2018,683,INE269B01029,
LEEL,EQ,70.8,74.1,70.5,72.25,72.3,72.1,126471,9143669.45,05-NOV-2018,1751,INE245C01019,
LEMONTREE,EQ,68.8,69.6,68,68.3,68.45,68.95,94500,6496771.1,05-NOV-2018,1142,INE970X01018,
LEXUS,SM,27,27.5,26,27.4,27.4,25.8,8000,216750,05-NOV-2018,8,INE500X01013,
LFIC,BE,77.95,77.95,72,72,72,75.75,20,1499.5,05-NOV-2018,2,INE850E01012,
LGBBROSLTD,EQ,448.2,452.35,440,450.9,452.15,443.3,6308,2820384.8,05-NOV-2018,731,INE337A01034,
LGBFORGE,BE,3.85,3.85,3.85,3.85,3.85,4.05,102,392.7,05-NOV-2018,3,INE201J01017,
LIBAS,SM,50.9,50.9,50.9,50.9,50.9,48.5,33000,1679700,05-NOV-2018,10,INE908V01012,
LIBERTSHOE,EQ,178.9,181.9,173.4,176.55,176.6,175.75,345659,61490209,05-NOV-2018,6019,INE557B01019,
LICHSGFIN,EQ,428.8,429.5,416.5,420.85,420.6,430.55,1463741,617221322.95,05-NOV-2018,35623,INE115A01026,
LICNETFGSC,EQ,15.98,15.98,15.32,15.32,15.32,15.55,8,125.86,05-NOV-2018,4,INF767K01MV5,
LICNETFN50,EQ,109.75,122,109.75,115.88,115,109.5,130,15173.17,05-NOV-2018,21,INF767K01OS7,
LINCOLN,EQ,246.45,252.8,233.3,236.85,236.5,247.15,76537,18453579.95,05-NOV-2018,5151,INE405C01035,
LINCPEN,EQ,338.45,338.45,301.65,306.7,308.95,327.1,16246,5102246.3,05-NOV-2018,395,INE802B01019,
LINDEINDIA,EQ,472.9,479.8,451.25,457.25,456.1,469.35,90563,42182463.3,05-NOV-2018,2815,INE473A01011,
LIQUIDBEES,EQ,1000,1000.01,995.7,999.99,999.99,1000,792712,792701615.29,05-NOV-2018,3406,INF732E01037,
LIQUIDETF,EQ,999.99,1000.01,999.99,999.99,1000,999.99,45420,45419707.06,05-NOV-2018,609,INF740KA1EU7,
LOKESHMACH,EQ,43.65,45,41.4,42.05,42.4,43.85,31107,1317118.25,05-NOV-2018,482,INE397H01017,
LOTUSEYE,EQ,30.5,32.85,30,30.05,30,30.45,855,26450.55,05-NOV-2018,39,INE947I01017,
LOVABLE,EQ,108,113.5,107.95,112.15,112.3,107.7,35245,3918957.8,05-NOV-2018,758,INE597L01014,
LPDC,EQ,3.75,4.3,3.75,3.9,3.85,4,4753,18620.45,05-NOV-2018,16,INE197J01017,
LSIL,EQ,1.2,1.2,1.15,1.15,1.2,1.2,626439,730865.2,05-NOV-2018,481,INE093R01011,
LT,EQ,1358.3,1365,1343.55,1350.15,1345.4,1358.2,1457946,1971659625.45,05-NOV-2018,82525,INE018A01030,
LTI,EQ,1706,1716.1,1664.2,1684.5,1674,1702.85,99253,167767074.25,05-NOV-2018,8626,INE214T01019,
LTTS,EQ,1684.95,1698.9,1656.25,1664.9,1665,1673.2,64154,107193945.25,05-NOV-2018,12326,INE010V01017,
LUMAXIND,EQ,1653.55,1678,1640.5,1664.3,1664.85,1637.2,2221,3690677.3,05-NOV-2018,421,INE162B01018,
LUMAXTECH,EQ,178.4,178.4,168.95,173.15,172,175,12912,2244762.15,05-NOV-2018,405,INE872H01027,
LUPIN,EQ,849.7,860.65,843,853.7,853.25,849.9,1225002,1043566549.4,05-NOV-2018,36487,INE326A01037,
LUXIND,EQ,1602.4,1634,1591,1603.85,1591,1583.7,43845,70324242.25,05-NOV-2018,2646,INE150G01020,
LYKALABS,EQ,33.25,34.25,32.25,33,33,33.25,12277,407754.8,05-NOV-2018,107,INE933A01014,
LYPSAGEMS,EQ,14,16.7,14,14.5,14.45,14,546874,8169129.45,05-NOV-2018,2126,INE142K01011,
M&M,EQ,784,784.65,770,775.45,772.9,783.55,2168486,1680628521,05-NOV-2018,114407,INE101A01026,
M&MFIN,EQ,430.55,434.65,416.2,419.25,418.6,430.55,1611186,681316583.1,05-NOV-2018,24572,INE774D01024,
M&MFIN,N2,1022,1030,1015.21,1028.99,1028.99,1030,455,466753.55,05-NOV-2018,9,INE774D08MA6,
M100,EQ,19.26,19.48,19.01,19.44,19.47,19.24,9489,183601.87,05-NOV-2018,98,INF247L01023,
M17RG,MF,10.3,10.3,10.3,10.3,10.3,10.3,2,20.6,05-NOV-2018,2,INF903JA1BF0,
M50,EQ,101,101,100.01,101,101,101.5,89,8976.52,05-NOV-2018,11,INF247L01536,
MAANALU,EQ,119.95,119.95,111.3,112.5,113.5,117.3,10821,1233099,05-NOV-2018,386,INE215I01019,
MACPOWER,SM,136,139.5,128,137.95,139.5,133.1,7000,949175,05-NOV-2018,12,INE155Z01011,
MADHAV,EQ,42.3,45.1,42.3,43.45,43.45,42.75,1041,45221.05,05-NOV-2018,23,INE925C01016,
MADHUCON,EQ,8.25,8.5,7.75,8.35,8.4,8.1,36546,304221.45,05-NOV-2018,115,INE378D01032,
MADRASFERT,EQ,20.2,20.4,19.2,19.9,19.85,20.65,45941,919608.95,05-NOV-2018,454,INE414A01015,
MAGADSUGAR,BE,99.4,99.4,99.4,99.4,99.4,104.6,4401,437459.4,05-NOV-2018,41,INE347W01011,
MAGMA,EQ,108,115.9,106.35,110.4,110.55,108.05,311600,35125745.15,05-NOV-2018,5598,INE511C01022,
MAGNUM,EQ,5.1,5.6,5.1,5.5,5.5,5.35,11166,59666.7,05-NOV-2018,35,INE387I01016,
MAHABANK,EQ,13.15,13.5,12.9,13.4,13.35,13.05,632753,8449628.3,05-NOV-2018,1524,INE457A01014,
MAHAPEXLTD,BE,134,134,134,134,134,128,6,804,05-NOV-2018,1,INE843B01013,
MAHASTEEL,EQ,79.15,80,75,78.6,75,77.1,98132,7766453.05,05-NOV-2018,275,INE451L01014,
MAHESHWARI,SM,192.6,192.95,192.25,192.25,192.25,189,6000,1156050,05-NOV-2018,4,INE263W01010,
MAHINDCIE,EQ,260.55,264.55,260.55,263.3,263.15,262.6,53490,14047339.4,05-NOV-2018,2023,INE536H01010,
MAHLIFE,EQ,405.35,409.35,401.1,405.25,403.9,403.3,9838,4004530.7,05-NOV-2018,568,INE813A01018,
MAHLOG,EQ,538,545.95,520,523.8,522,537.45,12290,6476376.2,05-NOV-2018,932,INE766P01016,
MAHSCOOTER,EQ,2519.95,2519.95,2430,2448.75,2430,2471.05,474,1169687.05,05-NOV-2018,131,INE288A01013,
MAHSEAMLES,EQ,478.8,478.8,468.5,472.8,473,474.15,36893,17452010.85,05-NOV-2018,1035,INE271B01025,
MAITHANALL,EQ,540,549.9,535.05,539.15,542,540.7,8380,4552056.9,05-NOV-2018,642,INE683C01011,
MAJESCO,EQ,461.5,518,461.5,497.9,495,472.7,298547,149741195.8,05-NOV-2018,11284,INE898S01029,
MALUPAPER,EQ,45.9,45.9,44.05,45.55,45.55,44.65,1749,79435.7,05-NOV-2018,27,INE383H01017,
MANAKALUCO,EQ,6.6,6.85,6.4,6.6,6.6,6.8,6823,45223.1,05-NOV-2018,42,INE859Q01017,
MANAKCOAT,EQ,7.4,7.4,6.5,6.9,7,7.05,2741,19145.55,05-NOV-2018,14,INE830Q01018,
MANAKSIA,EQ,39.5,40,38.55,39.6,38.85,39.45,1827,72013.75,05-NOV-2018,45,INE015D01022,
MANAKSTEEL,EQ,21.5,21.5,18.75,19.7,19.9,20.35,22653,449974.05,05-NOV-2018,132,INE824Q01011,
MANALIPETC,EQ,34.65,34.7,33.8,33.95,34.05,34.55,239063,8159684.65,05-NOV-2018,1147,INE201A01024,
MANAPPURAM,EQ,83.1,85.5,82,84.6,84.75,82.9,2889845,243352755.6,05-NOV-2018,15339,INE522D01027,
MANDHANA,BE,5.15,5.15,4.9,5.05,4.95,5,26848,137061,05-NOV-2018,44,INE087J01010,
MANGALAM,EQ,81.5,82,80.4,81.65,82,81.25,16964,1382668.7,05-NOV-2018,301,INE584F01014,
MANGCHEFER,EQ,38.4,40,38.4,39.6,39.9,38.55,39375,1549063.1,05-NOV-2018,365,INE558B01017,
MANGLMCEM,EQ,206.5,209.5,203.6,208.3,209.4,205.2,6297,1301665.45,05-NOV-2018,215,INE347A01017,
MANGTIMBER,EQ,19.1,20.2,19.1,19.75,19.55,19.6,4018,79760,05-NOV-2018,69,INE805B01012,
MANINDS,EQ,79.85,80.35,76.75,77,77.25,79.45,106090,8275581.7,05-NOV-2018,1054,INE993A01026,
MANINFRA,EQ,38.95,39.75,38.55,39.2,39.15,39.05,73776,2885428.05,05-NOV-2018,493,INE949H01023,
MANPASAND,EQ,94.4,95.7,89.7,90.75,89.7,94.4,424081,39119988.7,05-NOV-2018,5696,INE122R01018,
MANUGRAPH,EQ,33,34.7,32.2,33.5,33.5,33.8,1639,54161.15,05-NOV-2018,18,INE867A01022,
MARALOVER,EQ,29.65,30,28.4,28.85,29,28.75,9685,282193.85,05-NOV-2018,87,INE882A01013,
MARATHON,EQ,116.1,129.4,116.1,123.15,123,124.75,1988,250116.2,05-NOV-2018,87,INE182D01020,
MARICO,EQ,335.8,346,330.6,341.15,342.8,338.05,1672884,570779979.75,05-NOV-2018,34656,INE196A01026,
MARINE,SM,82,82,82,82,82,80.65,44000,3608000,05-NOV-2018,3,INE01JE01010,
MARKSANS,EQ,30,30.15,29.55,29.8,29.95,30.1,657845,19579010.1,05-NOV-2018,2311,INE750C01026,
MARSHALL,SM,32,33,32,33,33,34.45,6000,195000,05-NOV-2018,2,INE00SZ01018,
MARUTI,EQ,7138,7254.7,7060.05,7177.25,7165,7135.45,1040315,7477343532.5,05-NOV-2018,124693,INE585B01010,
MASFIN,EQ,499.95,504.2,490,497.45,490.3,500.85,9288,4636986.7,05-NOV-2018,314,INE348L01012,
MASTEK,EQ,462,469.55,456.2,460.9,458.2,459.2,51274,23716219.45,05-NOV-2018,4306,INE759A01021,
MATRIMONY,EQ,473.65,473.65,451.95,455.3,451.95,458.25,11640,5312103.5,05-NOV-2018,475,INE866R01028,
MAWANASUG,BE,53,53,50.15,51.6,51.75,51.85,23087,1195567.3,05-NOV-2018,142,INE636A01039,
MAXINDIA,EQ,68,69.9,68,69.35,69,69.45,156521,10843325.8,05-NOV-2018,1136,INE153U01017,
MAXVIL,EQ,53.55,53.75,53,53.5,53.5,53.8,26551,1417040.45,05-NOV-2018,230,INE154U01015,
MAYURUNIQ,EQ,360,364.35,355,357.45,356,361.25,18450,6620787.35,05-NOV-2018,696,INE040D01038,
MAZDA,EQ,320.1,326.5,316.05,320.7,326.5,323.8,3472,1109402.55,05-NOV-2018,101,INE885E01034,
MBAPL,SM,45,45,45,45,45,45.65,6000,270000,05-NOV-2018,1,INE900L01010,
MBECL,BE,14.5,15.2,14.5,15.2,15,14.5,54802,831543.2,05-NOV-2018,125,INE748A01016,
MBLINFRA,EQ,14,14.5,13.7,13.95,13.9,14,38689,543292.75,05-NOV-2018,180,INE912H01013,
MCDHOLDING,BE,30.3,30.3,28.15,30.1,30.2,29.45,8400,250567.75,05-NOV-2018,97,INE836H01014,
MCDOWELL-N,EQ,614,638,610,631.9,637,614.9,1321439,825917550.5,05-NOV-2018,35181,INE854D01024,
MCL,SM,152,152,152,152,152,146.9,1200,182400,05-NOV-2018,1,INE813V01014,
MCLEODRUSS,EQ,133.9,144.8,132.3,139.75,138.65,132.95,785751,109789079.65,05-NOV-2018,9044,INE942G01012,
MCX,EQ,704.8,715.7,695,702.75,702.3,705.95,437824,308268019.85,05-NOV-2018,12165,INE745G01035,
MEGASOFT,EQ,7.25,7.3,6.6,7.1,7.2,7.25,3291,23390.4,05-NOV-2018,49,INE933B01012,
MEGH,EQ,64,69.1,64,67.65,67.7,63.3,4111792,273274886.25,05-NOV-2018,21984,INE974H01013,
MENONBE,EQ,81.9,82.8,77.5,78.8,78.05,80.5,99401,8023502.7,05-NOV-2018,1276,INE071D01033,
MEP,EQ,41.75,42,40.35,41.05,40.9,41.45,528234,21767368.85,05-NOV-2018,2179,INE776I01010,
MERCATOR,EQ,14.25,14.8,14.05,14.75,14.8,14.1,898516,12957780.05,05-NOV-2018,3326,INE934B01028,
MERCK,EQ,3099,3210,2983.5,3035.1,3021,3100.75,29626,92176479.8,05-NOV-2018,5860,INE199A01012,
METALFORGE,EQ,12.45,12.7,12.25,12.35,12.35,12.45,3615,44783.65,05-NOV-2018,37,INE425A01011,
METKORE,BE,1.45,1.55,1.45,1.45,1.45,1.5,5701,8306.45,05-NOV-2018,8,INE592I01029,
MFSL,EQ,412,415.4,400.45,405.4,403.1,407.15,491188,199741111.65,05-NOV-2018,18888,INE180A01020,
MGL,EQ,844.2,849.1,834,846.05,845,844.15,185323,155987023.9,05-NOV-2018,11728,INE002S01010,
MHHL,SM,32.65,32.65,30,30.3,30.3,31.1,48000,1502550,05-NOV-2018,14,INE450S01011,
MHRIL,EQ,222.4,227.65,217.7,224.9,226.05,221.55,28068,6262140.95,05-NOV-2018,1571,INE998I01010,
MIC,EQ,2,2.05,1.95,2.05,2.05,2.05,121374,244226.1,05-NOV-2018,116,INE287C01029,
MIDHANI,EQ,122.5,123.6,120,120.8,121.4,122.55,102240,12443514.95,05-NOV-2018,2041,INE099Z01011,
MINDACORP,EQ,135.4,138,133.9,135.35,135.9,134.4,106619,14451148.9,05-NOV-2018,1609,INE842C01021,
MINDAIND,EQ,342,346.9,332.55,340.75,340.4,338.8,341141,116133265.35,05-NOV-2018,11011,INE405E01023,
MINDTECK,BE,43.9,43.9,40.05,41.8,41.8,41.9,3941,161970.25,05-NOV-2018,28,INE110B01017,
MINDTREE,EQ,790.7,825.5,787.1,821.85,823.5,803.95,1363257,1109603364.25,05-NOV-2018,41150,INE018I01017,
MIRCELECTR,EQ,25.8,28.9,25.8,27.8,27.8,26.65,381968,10586299.25,05-NOV-2018,1876,INE831A01028,
MIRZAINT,EQ,85.7,87.6,84.2,84.5,84.6,86.55,151681,13004283.55,05-NOV-2018,1887,INE771A01026,
MITTAL,SM,27.6,28.4,26.1,28.4,28.4,27.05,48000,1306200,05-NOV-2018,8,INE997Y01019,
MKPL,SM,75,75,75,75,75,75,2000,150000,05-NOV-2018,1,INE964W01013,
MMFL,EQ,594.95,599.75,582,592.95,592,589.95,4920,2902117.75,05-NOV-2018,336,INE227C01017,
MMP,SM,188,188,188,188,188,185,600,112800,05-NOV-2018,1,INE511Y01018,
MMTC,EQ,29.65,30.4,29.35,30.1,30.1,29.6,1131523,33974615.35,05-NOV-2018,3747,INE123F01029,
MOHITIND,EQ,8.2,9.4,8,9.35,9.4,8.55,41408,384313.75,05-NOV-2018,119,INE954E01012,
MOHOTAIND,EQ,70,72.95,68.7,72.2,72.4,72.85,4038,288017.7,05-NOV-2018,37,INE313D01013,
MOIL,EQ,174.8,179.9,173,177.2,177.45,175.15,192935,33989809.5,05-NOV-2018,3974,INE490G01020,
MOLDTECH,EQ,40.65,43.75,40.65,42.85,43.65,41.05,9688,413015.1,05-NOV-2018,221,INE835B01035,
MOLDTKPAC,EQ,269.5,271.35,261.5,268.55,268,269.15,12939,3465814.15,05-NOV-2018,507,INE893J01029,
MONSANTO,EQ,2558.9,2577.5,2540.05,2555.5,2550,2551.8,770,1973745.05,05-NOV-2018,213,INE274B01011,
MONTECARLO,EQ,349.95,350,346.55,347.7,348,346.9,17372,6040343.75,05-NOV-2018,469,INE950M01013,
MORARJEE,EQ,24.5,24.5,22,22.4,22.75,23.75,8327,187167.7,05-NOV-2018,175,INE161G01027,
MOREPENLAB,EQ,24.25,24.5,23.55,23.9,24,24.25,357586,8576128.35,05-NOV-2018,1724,INE083A01026,
MOTHERSUMI,EQ,173.1,176.4,170.1,173.55,173.3,172.5,4369245,755282287.6,05-NOV-2018,40275,INE775A01035,
MOTILALOFS,EQ,671,699.5,671,696.05,695,685.2,94124,64843239.65,05-NOV-2018,9912,INE338I01027,
MOTOGENFIN,EQ,43.7,48,43.7,46.75,46.75,45,508,23370.85,05-NOV-2018,8,INE861B01015,
MPHASIS,EQ,952,984,929.15,941.75,930,950.75,469130,450784426.5,05-NOV-2018,35622,INE356A01018,
MPSLTD,EQ,534.95,539,520,528.6,526,531.1,1966,1044604.05,05-NOV-2018,110,INE943D01017,
MRF,EQ,66700,66800,65910,66153.8,66055.45,66480.8,3810,252593878.3,05-NOV-2018,2738,INE883A01011,
MRO-TEK,EQ,50.9,50.9,42.55,44.5,44,46.75,20836,940809.4,05-NOV-2018,59,INE398B01018,
MRPL,EQ,83,83.4,79.55,80.5,80.55,82.7,1670736,135418009.2,05-NOV-2018,10475,INE103A01014,
MSPL,EQ,14,14,12.35,13.3,13.3,13.35,1285,16757,05-NOV-2018,26,INE752G01015,
MTEDUCARE,EQ,53.45,54.5,50.1,53,53.3,53,16995,878381.15,05-NOV-2018,272,INE472M01018,
MTNL,EQ,14,14.35,13.8,14.2,14.2,14.1,824156,11595392.65,05-NOV-2018,2157,INE153A01019,
MUKANDENGG,EQ,24.35,24.35,22,22.7,22.65,22.85,2410,53988.6,05-NOV-2018,83,INE022B01014,
MUKANDLTD,EQ,56.1,56.1,53.75,55.45,55.45,54.85,19582,1077143.25,05-NOV-2018,252,INE304A01026,
MUKTAARTS,EQ,39.65,41.8,38.7,41.35,41.5,39.5,31129,1261397.85,05-NOV-2018,545,INE374B01019,
MUNJALAU,EQ,65.5,65.5,61.3,63.9,64.5,64.8,104726,6708378.05,05-NOV-2018,1222,INE672B01032,
MUNJALSHOW,EQ,188,189.5,183,184.85,185.05,189.3,24092,4460849.4,05-NOV-2018,801,INE577A01027,
MURUDCERA,EQ,25.45,25.8,24.95,25.3,25.45,24.85,22980,582761.05,05-NOV-2018,160,INE692B01014,
MUTHOOTCAP,EQ,840,850,837.5,844,838.25,840.3,4019,3384662.9,05-NOV-2018,354,INE296G01013,
MUTHOOTFIN,EQ,436.5,458.5,435,441.45,442.5,436.4,1312400,588401552.4,05-NOV-2018,26252,INE414G01012,
MVL,EQ,0.2,0.25,0.2,0.25,0.25,0.25,255400,57065.9,05-NOV-2018,25,INE744I01034,
N100,EQ,601.79,602.8,586,599.94,600,586.2,6573,3910025.49,05-NOV-2018,305,INF247L01031,
NABARD,N2,1137.5,1138.5,1137.5,1138.5,1138.5,1137.95,12,13651.5,05-NOV-2018,3,INE261F07032,
NACLIND,EQ,27.7,27.7,26.25,27.3,27.65,27.55,15359,413609,05-NOV-2018,236,INE295D01020,
NAGAFERT,EQ,9.85,9.85,9.35,9.5,9.45,9.8,121611,1159968.9,05-NOV-2018,419,INE454M01024,
NAGAROIL,EQ,1.4,1.4,1.3,1.35,1.35,1.3,200458,268013.55,05-NOV-2018,344,INE453M01018,
NAGREEKCAP,EQ,13.75,13.75,12.95,13.25,12.95,13.15,869,11627.9,05-NOV-2018,11,INE245I01016,
NAGREEKEXP,EQ,26,26,23.15,23.25,24.6,24.55,2322,55369.2,05-NOV-2018,18,INE123B01028,
NAHARCAP,EQ,103,103.75,102.5,103.45,103.45,103,1844,189864.5,05-NOV-2018,24,INE049I01012,
NAHARINDUS,EQ,56.25,57.8,54.8,56.75,56.35,56.4,5734,325362.45,05-NOV-2018,79,INE289A01011,
NAHARPOLY,EQ,42.05,42.05,40.5,41,41,41,4857,199462.25,05-NOV-2018,102,INE308A01027,
NAHARSPING,EQ,79.55,91.5,78.75,83.6,83.6,79.6,26575,2240047.55,05-NOV-2018,306,INE290A01027,
NAKODA,BZ,0.05,0.1,0.05,0.1,0.1,0.1,34690,3215.5,05-NOV-2018,19,INE559B01023,
NANDANI,SM,29.75,29.8,29.75,29.75,29.8,28.4,6000,178600,05-NOV-2018,2,INE696V01013,
NATCOPHARM,EQ,780,799.9,755,773.8,757,774.75,885968,692868319.2,05-NOV-2018,62201,INE987B01026,
NATHBIOGEN,EQ,377.85,383,363.55,374.3,373.15,377.85,8601,3229267.75,05-NOV-2018,400,INE448G01010,
NATIONALUM,EQ,69.3,72,68.55,70.9,70.95,69.3,9621081,681708357.8,05-NOV-2018,26970,INE139A01034,
NATNLSTEEL,EQ,7.3,7.8,7,7.75,7.8,7.1,27972,207951.05,05-NOV-2018,118,INE088B01015,
NAUKRI,EQ,1456,1482,1387.15,1409.75,1411.9,1470.55,109044,155451557.75,05-NOV-2018,8041,INE663F01024,
NAVINFLUOR,EQ,655,669.7,641.8,655.1,656.1,647.6,203073,132216923.2,05-NOV-2018,1840,INE048G01026,
NAVKARCORP,EQ,67.1,67.8,64.75,65.35,65,66.55,187181,12414870.65,05-NOV-2018,3137,INE278M01019,
NAVNETEDUL,EQ,112.5,112.5,110,111.15,111.45,110.5,13055,1451677.8,05-NOV-2018,423,INE060A01024,
NBCC,EQ,59,63.45,58.55,62.55,62.65,58.85,11970224,742186536.2,05-NOV-2018,42868,INE095N01031,
NBIFIN,EQ,1085,1122,1070,1070,1070,1081.4,122,133303,05-NOV-2018,14,INE365I01020,
NBVENTURES,EQ,130,130,119.5,121.05,119.85,124.25,471647,58757117,05-NOV-2018,4385,INE725A01022,
NCC,EQ,79.4,81.4,78.2,79.6,79.5,79.7,6287522,501723851.3,05-NOV-2018,21328,INE868B01028,
NCLIND,EQ,139.9,145,137.95,140.3,140.9,140.9,47079,6644402.6,05-NOV-2018,808,INE732C01016,
NDGL,EQ,957,1034,899.95,967.3,1010,896.95,882,839756.4,05-NOV-2018,98,INE756C01015,
NDL,EQ,72,72.5,69.25,70.1,69.7,74.75,51480,3627088.65,05-NOV-2018,781,INE875G01030,
NDTV,EQ,34.75,34.75,33.15,33.15,33.15,33.25,17606,590917.3,05-NOV-2018,130,INE155G01029,
NECCLTD,EQ,8.65,8.65,8,8.1,8.05,8.3,17070,139601.75,05-NOV-2018,69,INE553C01016,
NECLIFE,EQ,22.45,22.55,21.9,22.15,22.45,22.25,100974,2237623.25,05-NOV-2018,749,INE023H01027,
NELCAST,EQ,74.5,75.65,72.3,74.3,74.2,74.1,55309,4106357.95,05-NOV-2018,732,INE189I01024,
NELCO,EQ,251.85,256.15,246.45,249.45,249.05,255.7,16314,4085213.95,05-NOV-2018,492,INE045B01015,
NESCO,EQ,440,464.9,438.95,461.85,464.9,437.4,27890,12716827.45,05-NOV-2018,1497,INE317F01035,
NESTLEIND,EQ,10234.5,10400,10163.05,10332.65,10320,10229.65,60163,620983131.55,05-NOV-2018,10483,INE239A01016,
NETWORK18,EQ,41.45,41.75,40.55,40.85,40.7,41.85,253978,10406508.5,05-NOV-2018,1221,INE870H01013,
NEULANDLAB,EQ,541.9,555.05,530.5,551,552.55,537.6,11067,6053000.1,05-NOV-2018,1053,INE794A01010,
NEWGEN,EQ,249.9,260,242.75,257.05,258,247.1,84831,21700716.6,05-NOV-2018,4968,INE619B01017,
NEXTMEDIA,EQ,15.9,15.95,15.6,15.75,15.85,15.8,10487,165387.45,05-NOV-2018,42,INE747B01016,
NFL,EQ,35.9,35.95,34.85,34.95,34.85,35.9,466493,16445084.4,05-NOV-2018,6990,INE870D01012,
NH,EQ,240,250,239.1,248.45,247.5,244.15,17163,4255232.95,05-NOV-2018,809,INE410P01011,
NHAI,N1,1072.1,1075,1070,1072.11,1071.5,1074.49,3550,3806539.41,05-NOV-2018,76,INE906B07CA1,
NHAI,N2,1124.61,1124.61,1120.68,1121.01,1121,1124.62,5351,6001824.39,05-NOV-2018,43,INE906B07CB9,
NHAI,N6,1249.25,1249.25,1239,1239,1239,1227.01,3,3727.25,05-NOV-2018,3,INE906B07DF8,
NHAI,N8,1095,1095.2,1095,1095.2,1095.2,1088.36,300,328539.4,05-NOV-2018,4,INE906B07EH2,
NHAI,N9,1118.71,1120.45,1118.71,1120.45,1120.45,1114.77,1860,2080939.8,05-NOV-2018,4,INE906B07EI0,
NHAI,NA,1140,1141.4,1132.1,1133.75,1134,1140.71,5794,6583904.6,05-NOV-2018,84,INE906B07EJ8,
NHAI,NC,1075,1075,1075,1075,1075,1036.4,57,61275,05-NOV-2018,1,INE906B07EN0,
NHAI,ND,1077,1099.06,1077,1099.06,1099.06,1080.52,127,137882,05-NOV-2018,6,INE906B07EO8,
NHAI,NE,1114,1120,1111,1114.9,1114.9,1111,2468,2748283.98,05-NOV-2018,57,INE906B07EP5,
NHBTF2014,N6,6557,6570,6557,6570,6570,6598,30,196905,05-NOV-2018,2,INE557F07132,
NHBTF2023,N6,6175,6175,6175,6175,6175,6100,20,123500,05-NOV-2018,1,INE557F07181,
NHPC,EQ,24.3,24.6,24.25,24.5,24.6,24.35,1149595,28083084,05-NOV-2018,2708,INE848E01016,
NHPC,N5,1237.99,1237.99,1215,1215,1215,1238.99,22,26935.98,05-NOV-2018,6,INE848E07559,
NIACL,EQ,227.8,227.8,222,223.05,222.55,226.35,17890,4015434.3,05-NOV-2018,990,INE470Y01017,
NIBL,EQ,24,24.95,23.25,23.35,24,24.2,2928,70098.95,05-NOV-2018,13,INE047O01014,
NIFTYBEES,EQ,1123.9,1145.9,1094.6,1101.48,1102.77,1101.83,40963,45105315.32,05-NOV-2018,1396,INF732E01011,
NIFTYEES,EQ,12500,13237,11700.1,12100,12100,12333.5,16,197424.5,05-NOV-2018,12,INF754K01EK3,
NIITLTD,EQ,74.4,75.9,73.05,74.8,74.7,73.85,446778,33353238.9,05-NOV-2018,5693,INE161A01038,
NIITTECH,EQ,1181,1228.4,1172.05,1198.7,1203.7,1188.15,1210847,1465959604,05-NOV-2018,33427,INE591G01017,
NILAINFRA,EQ,7,7.85,6.75,7.3,7.3,6.95,1612695,11906031.95,05-NOV-2018,2178,INE937C01029,
NILKAMAL,EQ,1587.4,1617.9,1587.35,1598.65,1600,1581.1,9154,14661588.8,05-NOV-2018,1196,INE310A01015,
NIPPOBATRY,EQ,650.05,670.75,650,655,650,657.6,334,220824.6,05-NOV-2018,72,INE567A01010,
NITCO,EQ,36.85,37.5,36,37.3,37.4,36.2,92444,3412846.85,05-NOV-2018,1141,INE858F01012,
NITESHEST,EQ,5.9,5.9,5.7,5.85,5.85,5.85,20196,118558.9,05-NOV-2018,53,INE639K01016,
NITINFIRE,EQ,1.9,1.9,1.85,1.9,1.9,1.85,80849,152762.75,05-NOV-2018,69,INE489H01020,
NITINSPIN,EQ,81.3,83.7,80.3,82.85,83.15,81.3,26015,2143109.9,05-NOV-2018,617,INE229H01012,
NKIND,EQ,50.5,50.5,45.1,47,45.1,49,1294,62137.7,05-NOV-2018,10,INE542C01019,
NLCINDIA,EQ,81.25,82.15,81.05,81.2,81.2,81.6,60625,4934933.55,05-NOV-2018,1489,INE589A01014,
NMDC,EQ,115.3,117.35,113.4,115.3,115.25,114.85,1624563,187608089.55,05-NOV-2018,15758,INE584A01023,
NOCIL,EQ,161.9,163.5,158.6,160.75,160,161.25,302751,48684677.05,05-NOV-2018,4518,INE163A01018,
NOESISIND,BE,0.05,0.05,0.05,0.05,0.05,0.05,5081,254.05,05-NOV-2018,1,INE141B01020,
NOIDATOLL,EQ,8.05,8.15,7.75,7.85,7.9,8.05,24932,197901.6,05-NOV-2018,133,INE781B01015,
NRAIL,EQ,500.4,508,494.05,499.95,501,496.45,10881,5455298.6,05-NOV-2018,769,INE740D01017,
NRBBEARING,EQ,171.25,173.9,161.25,171.7,172,166.85,98141,16714157.1,05-NOV-2018,1587,INE349A01021,
NSIL,EQ,1138.1,1138.1,1051,1057.3,1056,1053.3,103,113195.8,05-NOV-2018,18,INE023A01030,
NTL,BE,0.85,0.85,0.85,0.85,0.85,0.85,5460,4641,05-NOV-2018,4,INE333I01036,
NTPC,EQ,157.5,157.5,151.7,153.5,153.5,158,15219212,2327850168.85,05-NOV-2018,66741,INE733E01010,
NTPC,N6,1329.99,1329.99,1300,1305,1305,1300.72,21,27547.39,05-NOV-2018,9,INE733E07JJ9,
NTPC,N7,12.9,12.95,12.85,12.91,12.91,12.93,9960,128440.27,05-NOV-2018,47,INE733E07JP6,
NUCLEUS,EQ,384.1,399.6,382.05,390.55,390,384.1,14717,5762729.45,05-NOV-2018,973,INE096B01018,
NUTEK,EQ,0.4,0.45,0.4,0.45,0.45,0.4,5753,2588.75,05-NOV-2018,11,INE318J01027,
OBEROIRLTY,EQ,426,438.3,425.25,434.5,435,427.35,182158,78485945.45,05-NOV-2018,11553,INE093I01010,
OCCL,EQ,1089.7,1109.3,1085,1106.85,1105,1107.55,6714,7410820.55,05-NOV-2018,243,INE321D01016,
OFSS,EQ,3525.1,3579.25,3473.25,3518.15,3520,3545.35,27911,98388990.5,05-NOV-2018,6140,INE881D01027,
OIL,EQ,202.4,203.8,196.8,197.85,198,200.85,359970,71757617.6,05-NOV-2018,5322,INE274J01014,
OILCOUNTUB,EQ,14.9,15.45,14.35,15,15.25,14.95,5677,85064.1,05-NOV-2018,78,INE591A01010,
OISL,EQ,2.2,2.3,2.2,2.3,2.3,2.2,718,1591.3,05-NOV-2018,5,INE196J01019,
OLECTRA,EQ,200.2,224.75,200.15,224.75,224.75,204.35,56337,12461177,05-NOV-2018,603,INE260D01016,
OMAXAUTO,EQ,79.5,79.5,75.05,77.05,77.8,78.5,17147,1320356.9,05-NOV-2018,332,INE090B01011,
OMAXE,EQ,213.5,213.55,211.45,212.4,212.35,213.35,347367,73833682.7,05-NOV-2018,3803,INE800H01010,
OMKARCHEM,EQ,10.4,10.5,9.85,9.95,9.85,10.25,16488,166660.7,05-NOV-2018,116,INE474L01016,
OMMETALS,EQ,34.5,37,34.45,36.3,36.8,34.55,46782,1689458.4,05-NOV-2018,365,INE239D01028,
ONELIFECAP,EQ,12.75,12.75,12.1,12.1,12.1,12.7,115,1398.25,05-NOV-2018,4,INE912L01015,
ONEPOINT,SM,63.15,63.15,60,60.8,60.8,59.5,10000,617500,05-NOV-2018,5,INE840Y01011,
ONGC,EQ,165,165,154.2,154.95,155.25,157.35,15261029,2404486833.8,05-NOV-2018,150958,INE213A01029,
ONMOBILE,EQ,34.15,35.5,34.15,34.95,35,34.7,200891,7043235.75,05-NOV-2018,882,INE809I01019,
ONWARDTEC,EQ,55,55,53.45,53.8,53.7,55,2185,118153.2,05-NOV-2018,39,INE229A01017,
OPTIEMUS,EQ,130.3,130.3,119.05,124.3,122.45,124.15,8455,1064093.05,05-NOV-2018,156,INE350C01017,
OPTOCIRCUI,EQ,10.05,10.1,9.8,9.9,9.8,9.95,263570,2608378.25,05-NOV-2018,735,INE808B01016,
ORBTEXP,EQ,138.3,146.9,137.05,137.65,137.2,138.3,3377,468409.65,05-NOV-2018,131,INE231G01010,
ORCHIDPHAR,BZ,5,5.25,4.85,5.25,5.25,5,32829,170639.2,05-NOV-2018,79,INE191A01019,
ORICONENT,EQ,30.6,31.4,30.5,31.05,31.2,30.55,79271,2442032.1,05-NOV-2018,293,INE730A01022,
ORIENTABRA,EQ,31.8,33.6,30.4,33.1,33.5,31.1,67725,2191293.85,05-NOV-2018,435,INE569C01020,
ORIENTALTL,EQ,12.95,12.95,12.35,12.4,12.4,12.55,5737,71804.8,05-NOV-2018,17,INE998H01012,
ORIENTBANK,EQ,78.8,82.8,78,82.05,82.1,78.9,3365508,272482599.35,05-NOV-2018,13597,INE141A01014,
ORIENTBELL,EQ,175,178,171.55,174.55,173,171.85,5223,918036,05-NOV-2018,146,INE607D01018,
ORIENTCEM,EQ,91.8,91.8,82.1,85.6,85.45,89.7,320189,27763710.65,05-NOV-2018,3844,INE876N01018,
ORIENTELEC,EQ,127,134.4,125.35,132.2,131.8,129.6,99168,12822459.35,05-NOV-2018,3128,INE142Z01019,
ORIENTHOT,EQ,36.35,36.85,36.05,36.25,36.1,36.35,18302,666119.5,05-NOV-2018,161,INE750A01020,
ORIENTLTD,EQ,191.05,193.05,181,181.3,181,187.6,256,47255.6,05-NOV-2018,129,INE609C01024,
ORIENTPPR,EQ,51.1,51.7,48.25,48.55,48.65,50.6,1374012,68414107.45,05-NOV-2018,5639,INE592A01026,
ORIENTREF,EQ,218,222.5,215,216.45,218,219.25,32463,7043752.85,05-NOV-2018,1391,INE743M01012,
ORISSAMINE,EQ,735.95,749.65,713.85,737.7,739,728.75,4803,3534788.5,05-NOV-2018,580,INE725E01024,
ORTEL,EQ,6.4,6.6,6.2,6.2,6.2,6.5,46474,293536.9,05-NOV-2018,102,INE849L01019,
ORTINLABSS,EQ,18,18.25,17.35,18.05,18,17.95,13442,240129.35,05-NOV-2018,92,INE749B01012,
OSWALAGRO,EQ,9,9.3,8.5,8.95,9.05,9.35,11170,98777.45,05-NOV-2018,60,INE142A01012,
PAGEIND,EQ,29400,30177,28987.05,29811.9,29500,29295.1,37052,1102129172.15,05-NOV-2018,17672,INE761H01022,
PAISALO,EQ,333,333,299,307.8,308.55,308.8,789,243981.25,05-NOV-2018,56,INE420C01042,
PALASHSECU,BE,38.9,38.9,35.4,35.95,38.85,37.05,6004,215906.6,05-NOV-2018,39,INE471W01019,
PALREDTEC,EQ,33.5,34.2,33,33.15,34.2,33.2,1577,52433.3,05-NOV-2018,28,INE218G01033,
PANACEABIO,EQ,164,168.9,160.2,164.3,164.75,162.65,19646,3261719.4,05-NOV-2018,909,INE922B01023,
PANAMAPET,EQ,131.45,131.7,125.6,128.35,128.55,131.6,23025,2956775.75,05-NOV-2018,649,INE305C01029,
PANORAMUNI,BZ,2.35,2.35,2.35,2.35,2.35,2.35,1000,2350,05-NOV-2018,1,INE194B01029,
PAPERPROD,EQ,209,214,203,204.95,208.5,208.6,12653,2630062.95,05-NOV-2018,510,INE275B01026,
PARABDRUGS,BE,2.75,2.95,2.75,2.95,2.95,2.85,3145,8671.95,05-NOV-2018,13,INE618H01016,
PARACABLES,EQ,13.45,14.2,13.3,13.35,13.5,13.35,163524,2215835.15,05-NOV-2018,364,INE074B01023,
PARAGMILK,EQ,257.9,259.9,253.2,255.5,255.2,258.05,201903,51641613.9,05-NOV-2018,11526,INE883N01014,
PARIN,SM,63.5,63.5,63.5,63.5,63.5,63.5,4000,254000,05-NOV-2018,2,INE00U801010,
PARSVNATH,EQ,7.5,7.75,7.05,7.35,7.35,7.65,32898,242895.55,05-NOV-2018,156,INE561H01026,
PATELENG,EQ,38.05,38.9,37.5,38,38,38.45,80787,3084134.5,05-NOV-2018,532,INE244B01030,
PATINTLOG,EQ,40.8,40.8,39,39.65,39.55,39.35,6950,274290.6,05-NOV-2018,143,INE529D01014,
PATSPINLTD,EQ,10.25,10.5,9.95,10,10,10,2615,26335.5,05-NOV-2018,16,INE790C01014,
PBAINFRA,EQ,7,7.4,6.9,7.3,7.3,7.1,558,3921.2,05-NOV-2018,8,INE160H01019,
PCJEWELLER,EQ,91,100.35,88.6,94.55,94.5,88.2,92930347,8975059274.75,05-NOV-2018,411342,INE785M01013,
PDMJEPAPER,EQ,22.55,23.9,22.55,23.3,23.5,23.2,15220,355323.45,05-NOV-2018,289,INE865T01018,
PDPL,EQ,8,8.05,7.8,7.95,8,7.9,1506,12016.35,05-NOV-2018,19,INE904D01019,
PDSMFL,EQ,275,280,272.2,277.95,275.5,275.2,1975,548705.2,05-NOV-2018,22,INE111Q01013,
PEARLPOLY,EQ,12.5,12.5,11.9,12,12,12.1,8706,106474.8,05-NOV-2018,37,INE844A01013,
PEL,EQ,2149,2217.2,2135.1,2204.5,2213,2152.65,634226,1384836481.45,05-NOV-2018,34598,INE140A01024,
PENIND,EQ,39.15,41.7,38.35,41.1,41.6,38.35,306274,12376058.65,05-NOV-2018,3286,INE932A01024,
PENINLAND,EQ,11.8,12.15,11.45,11.55,11.55,11.75,154377,1811337.65,05-NOV-2018,490,INE138A01028,
PENPEBS,EQ,60.25,60.25,58.5,59.85,60,58.8,10090,598715.95,05-NOV-2018,188,INE455O01019,
PERSISTENT,EQ,560.25,566.5,555,563.15,561,560.25,123794,69216938.9,05-NOV-2018,15346,INE262H01013,
PETRONENGG,EQ,49.65,49.65,47.3,48.7,48.9,47.3,3922,189824.05,05-NOV-2018,48,INE742A01019,
PETRONET,EQ,222.1,226.9,217.3,218.3,217.85,224.05,4087700,903767493.6,05-NOV-2018,62807,INE347G01014,
PFC,EQ,91.4,95.1,91.4,94.75,94.65,93.6,8547961,805415618.8,05-NOV-2018,30245,INE134E01011,
PFC,N3,1133.4,1134,1120,1120,1120,1100,621,702299.2,05-NOV-2018,5,INE134E07588,
PFC,N4,1057.5,1057.5,1057.5,1057.5,1057.5,1054.93,1000,1057500,05-NOV-2018,5,INE134E07190,
PFC,N5,1114.2,1120.01,1114.2,1120.01,1120.01,1118,2263,2528058.41,05-NOV-2018,3,INE134E07208,
PFIZER,EQ,2939,2939,2870.9,2897.6,2894,2918.2,32957,95379750.55,05-NOV-2018,1556,INE182A01018,
PFOCUS,EQ,69.05,72.65,69.05,69.9,70.3,69.6,3373,236442.95,05-NOV-2018,360,INE367G01038,
PFS,EQ,15.45,15.65,15.25,15.35,15.3,15.5,348276,5371272.9,05-NOV-2018,1347,INE560K01014,
PGEL,EQ,107.75,108.8,105.05,106.7,106.85,105.75,41564,4435834.85,05-NOV-2018,511,INE457L01011,
PGHH,EQ,9831,9974.55,9666.5,9698.45,9672,9694.15,8107,79146342.15,05-NOV-2018,1546,INE179A01014,
PGIL,EQ,135.95,138.75,135,136.45,137.95,134.4,3641,494339,05-NOV-2018,71,INE940H01014,
PHILIPCARB,EQ,231.1,231.6,225,225.6,225.4,231.05,392325,89060366.3,05-NOV-2018,6383,INE602A01023,
PHOENIXLTD,EQ,578.2,589.9,565.35,583.45,589.85,573.6,37703,21689781.75,05-NOV-2018,3875,INE211B01039,
PIDILITIND,EQ,989.7,1048.7,978.1,1031.9,1030,989.3,921453,939330651.15,05-NOV-2018,26736,INE318A01026,
PIIND,EQ,795.2,812,790.45,807.45,805,800.6,30632,24583019.7,05-NOV-2018,3109,INE603J01030,
PILANIINVS,BE,2086,2087.6,2025,2084.45,2087.6,1988.2,170,349919.2,05-NOV-2018,32,INE417C01014,
PILITA,EQ,6,6,5.85,5.85,5.85,5.8,17915,105440.45,05-NOV-2018,32,INE600A01035,
PINCON,BZ,4.75,4.95,4.75,4.75,4.75,4.95,40118,190964.9,05-NOV-2018,154,INE675G01018,
PIONDIST,EQ,165.15,169.75,165.15,167.5,168.45,169.85,12586,2106439.1,05-NOV-2018,337,INE889E01010,
PIONEEREMB,EQ,30.7,30.7,29.1,29.3,29.3,30.15,3748,111439.25,05-NOV-2018,50,INE156C01018,
PIRPHYTO,BE,29.3,30.45,29.3,29.4,29.4,29.2,322,9499.55,05-NOV-2018,8,INE122J01015,
PITTIENG,EQ,83.95,85.9,82.6,83.8,83.8,83.9,31121,2623571.6,05-NOV-2018,337,INE450D01021,
PKTEA,BE,181.75,181.75,177,179.3,181,174.35,386,69108.85,05-NOV-2018,179,INE431F01018,
PLASTIBLEN,EQ,212.7,218.75,210.1,211.25,211.25,215.2,4888,1047419.2,05-NOV-2018,72,INE083C01022,
PNB,EQ,68.7,70.95,67.4,70.4,70.8,69.05,33569269,2322773383.4,05-NOV-2018,81635,INE160A01022,
PNBGILTS,EQ,29,30.5,28.8,30,30.05,28.95,280757,8318227,05-NOV-2018,1431,INE859A01011,
PNBHOUSING,EQ,877,895,827.25,878.9,894.95,871.25,467313,403467374.05,05-NOV-2018,20582,INE572E01012,
PNC,EQ,13.25,13.7,11.75,12.9,12.7,13.65,38948,488075.8,05-NOV-2018,214,INE392B01011,
PNCINFRA,EQ,140,141.05,137.1,139.75,140,139.5,438411,61195889.2,05-NOV-2018,4116,INE195J01029,
POCHIRAJU,EQ,3.3,3.3,3.3,3.3,3.3,3.15,20,66,05-NOV-2018,1,INE332G01032,
PODDARHOUS,EQ,619.95,621.9,575.55,594.3,575.55,613.65,358,218587.65,05-NOV-2018,25,INE888B01018,
PODDARMENT,EQ,188.15,194.25,188,193.6,193.9,187.75,1864,357602.1,05-NOV-2018,53,INE371C01013,
POKARNA,EQ,142.45,142.45,137.5,137.9,137.55,140.35,4969,687408.35,05-NOV-2018,159,INE637C01025,
POLYMED,EQ,214,222.05,208,208.85,210.6,216.75,5915,1243600.65,05-NOV-2018,237,INE205C01021,
POLYPLEX,EQ,545.9,552.9,541.5,548.65,548,545.9,15148,8294235.4,05-NOV-2018,780,INE633B01018,
PONNIERODE,EQ,129.75,129.75,124.35,126.95,126.95,128.25,1139,143876.45,05-NOV-2018,41,INE838E01017,
POWERFUL,SM,27,31.4,27,31,31,30.15,22000,651600,05-NOV-2018,5,INE650Z01011,
POWERGRID,EQ,189.05,189.5,185,186.05,186.4,189.85,2740960,509723630.2,05-NOV-2018,34926,INE752E01010,
POWERMECH,EQ,844.65,872.25,830,863.5,870,844.7,1430,1215670.5,05-NOV-2018,330,INE211R01019,
PPAP,EQ,410,412.5,395.2,397.5,396,406.15,9412,3809564.25,05-NOV-2018,681,INE095I01015,
PRABHAT,EQ,110.25,115.95,109.65,112.55,114.9,108.7,60971,6854854.15,05-NOV-2018,1309,INE302M01033,
PRADIP,BE,1.5,1.55,1.5,1.5,1.5,1.55,112,172.5,05-NOV-2018,7,INE495J01015,
PRAENG,EQ,10,10,9.15,9.45,9.45,9.6,61726,575667,05-NOV-2018,148,INE505C01016,
PRAJIND,EQ,108.15,111.15,107.45,109.8,110,108.3,585835,64023284.3,05-NOV-2018,7023,INE074A01025,
PRAKASH,EQ,111.4,114.8,110.6,112.25,112.6,110.8,563875,63583598.7,05-NOV-2018,3958,INE603A01013,
PRAKASHCON,EQ,4.3,4.35,4.25,4.25,4.3,4.35,200491,858636.75,05-NOV-2018,165,INE023M01027,
PRAKASHSTL,BE,0.6,0.7,0.6,0.7,0.7,0.65,136950,90463.65,05-NOV-2018,99,INE696K01024,
PRATIBHA,BZ,3.05,3.05,2.85,2.85,2.85,2.95,43914,128411,05-NOV-2018,57,INE308H01022,
PRAXIS,EQ,177.6,178.4,166.8,173.6,171.1,170.45,23920,4135787.25,05-NOV-2018,467,INE546Y01022,
PRECAM,EQ,62.75,63.75,62.2,62.65,63,63.15,6151,386278,05-NOV-2018,76,INE484I01029,
PRECWIRE,EQ,222,230.9,220.1,224.9,226,215.25,37809,8538436,05-NOV-2018,1274,INE372C01029,
PREMEXPLN,EQ,190.05,190.05,185.55,186.85,186,189.85,2325,438817.4,05-NOV-2018,66,INE863B01011,
PREMIER,EQ,7.75,8.15,7.6,7.6,7.6,7.75,12443,96684.25,05-NOV-2018,45,INE342A01018,
PREMIERPOL,EQ,27.95,27.95,24.1,27.6,27.6,25.6,2437,66085.6,05-NOV-2018,27,INE309M01012,
PRESSMN,EQ,36.35,36.35,34.5,35.15,35.25,35.5,7213,250952.05,05-NOV-2018,70,INE980A01023,
PRESTIGE,EQ,188.85,191.9,188.8,190.2,190,188.05,43063,8190519.8,05-NOV-2018,5387,INE811K01011,
PRICOLLTD,EQ,49.9,53.4,49.75,52.15,52.15,49.1,151035,7828431.8,05-NOV-2018,1894,INE726V01018,
PRIMESECU,EQ,38.5,38.5,37,37.85,38,38.3,5401,204188.25,05-NOV-2018,75,INE032B01021,
PRITI,SM,94.5,94.5,94.5,94.5,94.5,94,1600,151200,05-NOV-2018,1,INE974Z01015,
PROSEED,EQ,0.55,0.55,0.5,0.5,0.5,0.55,98246,51816.75,05-NOV-2018,13,INE217G01027,
PROVOGE,EQ,2.75,2.85,2.6,2.7,2.75,2.75,93885,254348.25,05-NOV-2018,67,INE968G01033,
PROZONINTU,EQ,29.35,30,27.5,28.5,28.5,30.25,105762,3064073.35,05-NOV-2018,570,INE195N01013,
PRSMJOHNSN,EQ,88.2,89.25,87.7,88.7,88.7,88.45,112932,10011875.65,05-NOV-2018,1451,INE010A01011,
PSB,EQ,29,29.6,28.75,29.1,29.05,29.15,33529,979040,05-NOV-2018,229,INE608A01012,
PSL,EQ,1.65,1.65,1.55,1.6,1.6,1.6,57872,93605.35,05-NOV-2018,57,INE474B01017,
PSPPROJECT,EQ,390.05,400,375,381.85,379,383.65,102308,39790817.2,05-NOV-2018,6392,INE488V01015,
PSUBNKBEES,EQ,329,337.81,324.55,332.32,324.55,323.24,787,260079.47,05-NOV-2018,64,INF732E01110,
PTC,EQ,78.85,79.85,76.95,77.8,77.6,79.1,1159458,90578030,05-NOV-2018,4470,INE877F01012,
PTL,EQ,44.85,45.85,44.4,44.9,44.7,44.15,8039,363414.85,05-NOV-2018,115,INE034D01031,
PUNJABCHEM,EQ,581,609,580.05,588.9,587.1,578.35,2937,1746329.3,05-NOV-2018,244,INE277B01014,
PUNJLLOYD,EQ,9.6,9.6,9,9.15,9.2,9.3,248536,2280933.35,05-NOV-2018,735,INE701B01021,
PURVA,EQ,69.45,72.3,67.25,70.65,72,69.55,267744,18463429.3,05-NOV-2018,1295,INE323I01011,
PUSHPREALM,SM,28.5,28.5,28.5,28.5,28.5,28,2000,57000,05-NOV-2018,1,INE728W01012,
PVP,EQ,3.6,3.9,3.45,3.65,3.6,3.55,91026,334244.85,05-NOV-2018,161,INE362A01016,
PVR,EQ,1394.35,1436,1388.15,1421.15,1420,1394.4,433388,614147655.5,05-NOV-2018,25016,INE191H01014,
QGOLDHALF,EQ,1411,1413.95,1407,1411.5,1411,1402.95,484,682942.75,05-NOV-2018,159,INF082J01010,
QNIFTY,EQ,1064,1064,1064,1064,1064,1060.5,3,3192,05-NOV-2018,1,INF082J01028,
QUESS,EQ,751.8,797,746.95,758.25,761.2,751.8,120562,93489953.1,05-NOV-2018,7562,INE615P01015,
QUICKHEAL,EQ,206.3,208.7,203.1,207,206.65,207,106183,21825046.9,05-NOV-2018,1531,INE306L01010,
QUINTEGRA,EQ,0.65,0.65,0.65,0.65,0.65,0.7,2,1.3,05-NOV-2018,2,INE033B01011,
RADAAN,EQ,1.7,1.7,1.65,1.7,1.7,1.65,13690,23188.5,05-NOV-2018,8,INE874F01027,
RADICO,EQ,398.45,398.45,380.25,385.85,386.95,397.45,282277,109370850.7,05-NOV-2018,9157,INE944F01028,
RADIOCITY,EQ,338,338,327,330.2,330,332.2,33016,10930230.7,05-NOV-2018,1107,INE919I01016,
RAIN,EQ,187.4,191.5,183.6,187.7,187.55,186.7,321636,60333733.45,05-NOV-2018,5381,INE855B01025,
RAINBOWPAP,BE,1.3,1.3,1.3,1.3,1.3,1.35,14345,18648.5,05-NOV-2018,22,INE028D01025,
RAJESHEXPO,EQ,570,572,569.1,571.05,571,570.05,161127,91951015.95,05-NOV-2018,6077,INE343B01030,
RAJMET,SM,24.9,24.9,24.9,24.9,24.9,25.1,4000,99600,05-NOV-2018,1,INE00KV01014,
RAJRAYON,BE,0.1,0.15,0.1,0.15,0.15,0.15,471193,57755.45,05-NOV-2018,63,INE533D01024,
RAJSREESUG,BE,23.1,23.7,23,23.25,23.7,23.9,6545,151609.45,05-NOV-2018,25,INE562B01019,
RAJTV,BE,47.3,47.35,43.1,47.05,47.35,45.1,10095,471634.75,05-NOV-2018,42,INE952H01027,
RALLIS,EQ,169,171.8,164.3,168.45,168.25,168.5,216031,36197972.6,05-NOV-2018,6400,INE613A01020,
RAMANEWS,BE,30.6,30.6,29.7,30.6,30.6,29.15,139123,4252121.4,05-NOV-2018,215,INE278B01020,
RAMASTEEL,EQ,95.8,95.8,91.6,91.6,91.6,96.4,37034,3419779.2,05-NOV-2018,558,INE230R01027,
RAMCOCEM,EQ,606,637.95,602.1,634.75,632.2,603.35,252910,157208629.8,05-NOV-2018,7530,INE331A01037,
RAMCOIND,EQ,189,191.2,186.3,189.25,189,185.1,25617,4842912.9,05-NOV-2018,551,INE614A01028,
RAMCOSYS,EQ,311.25,320.85,307,317.05,316,311.85,14543,4558899.65,05-NOV-2018,472,INE246B01019,
RAMKY,EQ,142.2,142.2,135,138.4,138.5,139.2,45039,6255440.25,05-NOV-2018,1064,INE874I01013,
RAMSARUP,BZ,0.35,0.35,0.35,0.35,0.35,0.4,2,0.7,05-NOV-2018,1,INE005D01015,
RANASUG,BE,4,4,3.75,3.85,3.95,3.85,59887,231694.25,05-NOV-2018,94,INE625B01014,
RANEENGINE,EQ,472.35,472.35,460,463.25,461,460.15,243,112686.2,05-NOV-2018,29,INE222J01013,
RANEHOLDIN,EQ,1348.3,1350,1330,1330.7,1331.1,1342.35,410,549383.75,05-NOV-2018,110,INE384A01010,
RASOYPR,BZ,0.05,0.05,0.05,0.05,0.05,0.05,357185,17859.25,05-NOV-2018,42,INE904G01038,
RATNAMANI,EQ,878.5,967.1,870,872.2,870,863.5,9176,8155699.05,05-NOV-2018,584,INE703B01027,
RAYMOND,EQ,758,771.65,748.3,758.05,758.1,758.65,393923,298918708.2,05-NOV-2018,11112,INE301A01014,
RBL,EQ,540.35,550.75,526.65,539.8,540,540.4,11827,6401158.1,05-NOV-2018,937,INE244J01017,
RBLBANK,EQ,522.5,535.5,517.9,533.15,533.95,522.3,1069064,565827450.15,05-NOV-2018,20741,INE976G01028,
RCF,EQ,61.55,62.35,60.85,61.25,61.3,61.9,487053,29942590.7,05-NOV-2018,2768,INE027A01015,
RCOM,EQ,14.95,14.95,13.45,14.1,14.2,14.1,69148992,967371866.75,05-NOV-2018,44295,INE330H01018,
RECLTD,EQ,117.95,118.6,114.8,117,116.6,118.75,6157709,716790107.6,05-NOV-2018,28394,INE020B01018,
RECLTD,N1,1089,1117,1089,1117,1117,1100,301,336185.1,05-NOV-2018,8,INE020B07GW6,
RECLTD,N2,1127.5,1205,1127.5,1135.75,1205,1127.5,222,251180.2,05-NOV-2018,9,INE020B07GX4,
RECLTD,N6,1218,1218,1218,1218,1218,1222.84,375,456750,05-NOV-2018,2,INE020B07HP8,
RECLTD,N9,1247.9,1247.9,1247.9,1247.9,1247.9,1241.2,38,47420.2,05-NOV-2018,4,INE020B07HS2,
RECLTD,NB,1141,1148,1141,1148,1148,1213.7,52,59514,05-NOV-2018,2,INE020B07IC4,
RECLTD,NF,1242.01,1242.01,1242.01,1242.01,1242.01,1260,20,24840.2,05-NOV-2018,1,INE020B07IG5,
REDINGTON,EQ,87,87,85.35,86.45,86.7,86.1,80822,6974283.95,05-NOV-2018,2362,INE891D01026,
REFEX,BE,16.5,16.5,15.35,16.2,16.2,15.85,1027,15810.1,05-NOV-2018,12,INE056I01017,
REGENCERAM,BE,2.7,2.7,2.7,2.7,2.7,2.7,1,2.7,05-NOV-2018,1,INE277C01012,
RELAXO,EQ,801,801,770.95,777.1,778,792.1,22088,17399934.8,05-NOV-2018,1622,INE131B01039,
RELCAPITAL,EQ,252.85,257.25,243.3,250.55,250.8,253.05,4558012,1140441749.1,05-NOV-2018,39698,INE013A01015,
RELCNX100,EQ,109.79,110.97,109.79,110.67,110.67,111,1253,138099.19,05-NOV-2018,17,INF204K014N5,
RELCONS,EQ,50,50,49.44,49.69,49.69,49.82,1966,97498.04,05-NOV-2018,33,INF204KA1LD7,
RELDIVOPP,EQ,28.75,28.75,28.29,28.63,28.63,28.81,1114,31772.78,05-NOV-2018,11,INF204KA1MS3,
RELIANCE,EQ,1073.45,1092.7,1065,1090.3,1092,1074.9,7582518,8202916185.25,05-NOV-2018,197240,INE002A01018,
RELIGARE,EQ,33.4,34.4,32.6,33.2,33.1,33.4,131641,4428349.15,05-NOV-2018,807,INE621H01010,
RELINFRA,EQ,373.7,373.7,355.1,359,359,375.45,2706869,980278146.7,05-NOV-2018,37462,INE036A01016,
RELNV20,EQ,536,536,528.95,533,533,535.49,467,248494.57,05-NOV-2018,42,INF204KA17D8,
REMSONSIND,EQ,113.4,115.95,106.6,107.45,106.65,112.2,2778,302041,05-NOV-2018,81,INE474C01015,
RENUKA,EQ,13.4,13.55,13.05,13.15,13.1,13.25,430171,5684227.95,05-NOV-2018,767,INE087H01022,
REPCOHOME,EQ,406.45,409.4,378.95,390.7,392,404.95,329910,129737306,05-NOV-2018,7601,INE612J01015,
REPRO,EQ,588.05,588.05,557.05,562.1,562,579.45,2169,1244547,05-NOV-2018,229,INE461B01014,
RESPONIND,EQ,88,89.5,86.6,88.6,88,86.6,159627,14114825.85,05-NOV-2018,734,INE688D01026,
REVATHI,EQ,400,415,400,415,415,416.7,706,288323.2,05-NOV-2018,36,INE617A01013,
RHFL,EQ,45.8,45.8,42.8,43.25,43.25,44.65,228279,10039622.8,05-NOV-2018,1669,INE217K01011,
RHFL,N2,1015,1016.9,1015,1016.63,1016.9,1010,65,66019.5,05-NOV-2018,5,INE217K07AC4,
RHFL,N4,999.8,999.8,999.8,999.8,999.8,951,10,9998,05-NOV-2018,2,INE217K07AE0,
RHFL,N6,983,983,960,960,960,960,68,65510,05-NOV-2018,4,INE217K07AG5,
RICOAUTO,EQ,75.4,75.75,73.05,73.65,73.2,74.85,358524,26762211.1,05-NOV-2018,3367,INE209B01025,
RIIL,EQ,344.7,344.7,337,341.65,342,343.25,109557,37327052.75,05-NOV-2018,3390,INE046A01015,
RITES,EQ,257,266,254.35,263.8,263.95,258.85,206825,54063901,05-NOV-2018,9095,INE320J01015,
RJL,EQ,314,333,310.95,327.3,329,309.2,34321,11113676.6,05-NOV-2018,610,INE722H01016,
RKDL,EQ,11,11.3,10.7,10.7,10.7,11,3106,34567.25,05-NOV-2018,15,INE722J01012,
RKEC,SM,67,67,63,64.85,63,68.3,7000,456050,05-NOV-2018,5,INE786W01010,
RKFORGE,EQ,597,640,580.6,585.05,582,585.05,81833,48942353.3,05-NOV-2018,1982,INE399G01015,
RMCL,EQ,33.1,36,32.6,35.65,35.8,33.15,372242,12815714.65,05-NOV-2018,1039,INE172H01014,
RML,EQ,468.7,479.5,463.3,464,464,468.95,2176,1020579.95,05-NOV-2018,272,INE050H01012,
RNAM,EQ,167.8,168,164.4,165.95,165,166.95,30297,5032841.7,05-NOV-2018,1996,INE298J01013,
RNAVAL,EQ,13.8,14.1,13.35,13.85,13.9,14.15,1650028,22695061.95,05-NOV-2018,4483,INE542F01012,
ROHITFERRO,EQ,1.7,1.7,1.65,1.65,1.65,1.7,2276,3855.45,05-NOV-2018,9,INE248H01012,
ROHLTD,EQ,105.5,113.9,105.5,110.1,112.5,106.6,24227,2636609.55,05-NOV-2018,452,INE283H01019,
ROLLT,EQ,3.15,3.15,2.75,3,2.95,3,18349,53200.9,05-NOV-2018,44,INE927A01040,
ROLTA,EQ,14.95,15.15,14.55,14.8,14.85,14.85,1141627,16907351.2,05-NOV-2018,1534,INE293A01013,
ROSSELLIND,EQ,85.15,88.3,85.15,86.65,86,86,4624,400194.15,05-NOV-2018,83,INE847C01020,
RPGLIFE,EQ,271.6,286.7,249.3,262.05,249.3,270.5,57322,15443787.35,05-NOV-2018,1964,INE105J01010,
RPOWER,EQ,31.1,31.85,29.8,31,30.95,31.35,9207439,284651782.75,05-NOV-2018,12003,INE614G01033,
RPPINFRA,EQ,125.1,129.7,124,124.85,124.05,125.1,2624,331707.8,05-NOV-2018,175,INE324L01013,
RRSLGETF,EQ,17.55,17.55,17.55,17.55,17.55,17.51,754,13232.7,05-NOV-2018,7,INF204KB1882,
RSSOFTWARE,EQ,30.8,33.3,30.15,32.85,32.7,30.8,109835,3587119.8,05-NOV-2018,1062,INE165B01029,
RSWM,EQ,199.2,205.35,195.5,202.05,199,199.85,5620,1123280.75,05-NOV-2018,529,INE611A01016,
RSYSTEMS,EQ,50,50.4,48.8,49.1,49.2,48.35,90316,4430099.45,05-NOV-2018,313,INE411H01032,
RTNINFRA,EQ,3.2,3.25,3.05,3.05,3.05,3.15,1114038,3462993.35,05-NOV-2018,555,INE834M01019,
RTNPOWER,EQ,3.1,3.25,3.1,3.25,3.25,3.15,3279173,10442356.95,05-NOV-2018,1186,INE399K01017,
RUBYMILLS,EQ,256.1,275.85,256.1,264.55,265,277,3852,1022368.05,05-NOV-2018,191,INE301D01026,
RUCHINFRA,BE,4.3,4.5,4.3,4.5,4.5,4.3,9068,40601,05-NOV-2018,58,INE413B01023,
RUCHIRA,EQ,143,146.5,141.2,144.15,144.2,141.75,54418,7804985.1,05-NOV-2018,1099,INE803H01014,
RUCHISOYA,EQ,5.6,5.6,5.4,5.55,5.55,5.65,1106168,6117492.8,05-NOV-2018,1038,INE619A01027,
RUPA,EQ,300,306.1,293.15,301.35,300.15,299.1,17671,5331733.15,05-NOV-2018,818,INE895B01021,
RUSHIL,EQ,560,572.85,543,550.7,551,561.7,8863,4860074.7,05-NOV-2018,398,INE573K01017,
SABEVENTS,EQ,3.4,3.4,3.4,3.4,3.4,3.1,744,2529.6,05-NOV-2018,2,INE860T01019,
SABTN,EQ,5.95,6.25,5.9,6,6,6,11235,67448.25,05-NOV-2018,49,INE416A01036,
SADBHAV,EQ,210.9,214.8,210.05,213.7,213.85,210.8,56260,12009574.45,05-NOV-2018,3998,INE226H01026,
SADBHIN,EQ,104.4,106.8,103.25,103.9,103.5,105.85,3032,316717,05-NOV-2018,149,INE764L01010,
SAGARDEEP,SM,50.75,50.75,50.75,50.75,50.75,50.5,6000,304500,05-NOV-2018,1,INE976T01013,
SAGCEM,EQ,660,660,635.05,651.8,656.65,640.55,1894,1229263.4,05-NOV-2018,123,INE229C01013,
SAIL,EQ,69.4,69.5,65.55,66.5,66.3,69.55,17712848,1190483550.85,05-NOV-2018,42458,INE114A01011,
SAKETH,SM,71,71,71,71,71,70,22000,1562000,05-NOV-2018,1,INE869Y01010,
SAKHTISUG,BE,14.15,14.35,13.5,13.75,13.9,14,24814,340288.25,05-NOV-2018,68,INE623A01011,
SAKSOFT,EQ,241.95,254,239.05,250.2,250,239.95,25449,6324670.1,05-NOV-2018,462,INE667G01015,
SAKUMA,EQ,224.4,229,224.15,224.65,224.9,224.7,32769,7409307.35,05-NOV-2018,581,INE190H01016,
SALASAR,EQ,242.55,252.5,235.55,245.25,245.5,239,34493,8518537.75,05-NOV-2018,1084,INE170V01019,
SALONA,EQ,75,75,72.5,74.2,74.3,74.95,321,23733.75,05-NOV-2018,20,INE498E01010,
SALSTEEL,EQ,6.35,6.4,6,6.1,6.15,6.25,33264,203969.7,05-NOV-2018,120,INE658G01014,
SALZERELEC,EQ,128.8,128.8,126,128.05,126.15,127.15,4315,550252.65,05-NOV-2018,142,INE457F01013,
SAMBHAAV,EQ,5.3,5.3,5,5.15,5.15,5.15,4965,25596.8,05-NOV-2018,28,INE699B01027,
SANCO,EQ,15.8,15.8,15,15.7,15.5,15.8,92575,1432303.65,05-NOV-2018,181,INE782L01012,
SANDESH,EQ,816,838.95,816,819,819,824.8,327,267969.95,05-NOV-2018,51,INE583B01015,
SANDHAR,EQ,320,330,312.4,326.7,330,319.55,15791,5088869.35,05-NOV-2018,1446,INE278H01035,
SANGAMIND,EQ,78,79.15,75.45,76.9,76.1,78,5400,416787.1,05-NOV-2018,95,INE495C01010,
SANGHIIND,EQ,64,65.8,63,63.9,64,63.65,51466,3307445.2,05-NOV-2018,656,INE999B01013,
SANGHVIFOR,EQ,28.3,28.5,27.2,28.4,28.4,28.3,28,792.3,05-NOV-2018,5,INE263L01013,
SANGHVIMOV,EQ,114.85,115.5,111.5,115,115.5,114.9,23698,2714648.35,05-NOV-2018,614,INE989A01024,
SANGINITA,SM,47.5,47.5,47.5,47.5,47.5,45.25,1000,47500,05-NOV-2018,1,INE753W01010,
SANOFI,EQ,5856,6029.8,5856,5935.55,5939.85,5910.4,11003,65609206.65,05-NOV-2018,4969,INE058A01010,
SANWARIA,EQ,11.3,11.45,10.15,11.3,11.2,11.4,1946724,21791616.05,05-NOV-2018,2168,INE890C01046,
SARDAEN,EQ,317.95,317.95,302.65,304.4,305,318.15,61747,18978211.9,05-NOV-2018,1550,INE385C01013,
SAREGAMA,EQ,619.9,634.8,585,600.7,600,580,179096,110232063.3,05-NOV-2018,7352,INE979A01017,
SARLAPOLY,EQ,32.4,32.5,30.75,32.05,32.5,31.6,17534,561365.15,05-NOV-2018,212,INE453D01025,
SARVESHWAR,SM,34.5,34.5,34.5,34.5,34.5,35.05,1600,55200,05-NOV-2018,1,INE324X01018,
SASKEN,EQ,673.95,675,656.3,660.3,660.25,666.95,2329,1547082.5,05-NOV-2018,320,INE231F01020,
SASTASUNDR,EQ,99.1,103.85,95,100.7,100.75,99.3,397,39518,05-NOV-2018,21,INE019J01013,
SATHAISPAT,EQ,10.3,10.3,9.65,9.85,9.8,10,1039,10286.95,05-NOV-2018,27,INE176C01016,
SATIN,EQ,223.4,226.45,212.6,217,217,223.4,11393,2503196.9,05-NOV-2018,1221,INE836B01017,
SBILIFE,EQ,558,580,558,577.9,579,563.3,140781,80765933.35,05-NOV-2018,12239,INE123W01016,
SBIN,EQ,286.45,300,283.5,294.95,296.1,285.35,44619891,13029192576.75,05-NOV-2018,274735,INE062A01020,
SBIN,N2,10900,10949,10870,10905,10905,10868.8,158,1718785,05-NOV-2018,8,INE062A08025,
SBIN,N5,11130,11130,11115,11125.89,11129,11105.95,303,3370297.4,05-NOV-2018,33,INE062A08058,
SBIN,N6,10900,10900,10900,10900,10900,10900,3,32700,05-NOV-2018,2,INE062A08066,
SCAPDVR,EQ,1.1,1.1,1,1.1,1.1,1.05,11061,11146,05-NOV-2018,13,INE224E01036,
SCHAEFFLER,EQ,5021,5138,5021,5101,5096.1,5048.2,1845,9420502.2,05-NOV-2018,747,INE513A01014,
SCHAND,EQ,195,205,195,203.65,203.25,198.3,7338,1491888.65,05-NOV-2018,363,INE807K01035,
SCHNEIDER,EQ,105.05,107,103.5,104.6,104.3,105.3,62779,6592637.35,05-NOV-2018,1187,INE839M01018,
SCI,EQ,45,45.1,43.5,43.9,44.05,45.5,375560,16527153.05,05-NOV-2018,2958,INE109A01011,
SDBL,EQ,167,186,166.3,172.4,171.5,205.1,291198,50841115.15,05-NOV-2018,5155,INE480C01012,
SEAMECLTD,EQ,239,239,227,228.75,227,230,512,117519.75,05-NOV-2018,17,INE497B01018,
SELAN,EQ,215.4,223,213,219.85,219.95,213.45,120615,26428818.85,05-NOV-2018,1928,INE818A01017,
SELMCL,EQ,1.2,1.3,1.2,1.25,1.25,1.25,53772,66625.3,05-NOV-2018,44,INE105I01012,
SEPOWER,EQ,3.25,3.25,3.25,3.25,3.25,3.4,1,3.25,05-NOV-2018,1,INE735M01018,
SEQUENT,EQ,54.65,54.65,53,54.65,54.65,52.05,696499,37908118.55,05-NOV-2018,1386,INE807F01027,
SERVOTECH,SM,22.5,22.5,21,21,21,22,8000,174000,05-NOV-2018,2,INE782X01017,
SESHAPAPER,EQ,1220,1224,1194.95,1204.55,1200,1205.95,3384,4100263.85,05-NOV-2018,414,INE630A01016,
SETCO,EQ,38.3,38.9,38.2,38.7,38.55,38.2,301113,11641493.8,05-NOV-2018,1486,INE878E01021,
SETFGOLD,EQ,2853.5,2880,2850,2875.6,2870,2852.85,4956,14215038.7,05-NOV-2018,929,INF200K01099,
SETFNIF50,EQ,107.01,107.33,106.59,107.1,107.06,107.42,19376,2073612.49,05-NOV-2018,204,INF200KA1FS1,
SETFNIFBK,EQ,259.83,259.83,257.6,259.2,259.25,259.73,33472,8627735.8,05-NOV-2018,84,INF200KA1580,
SETFNN50,EQ,275,286.8,273.51,276.96,277.42,276.03,5319,1470255.2,05-NOV-2018,66,INF200KA1598,
SEZAL,BZ,1.9,2.1,1.9,2.1,2.1,2,1211,2390.9,05-NOV-2018,6,INE955I01036,
SFL,EQ,1564.55,1585,1545,1558.2,1550,1541.5,2581,4031227.7,05-NOV-2018,95,INE916U01025,
SGBAUG24,GB,2857,2939.99,2857,2937.99,2939.99,2857.66,3292,9549198.29,05-NOV-2018,294,IN0020160027,
SGBDEC25,GB,2820,2961,2820,2887,2887,2820,21,60697,05-NOV-2018,5,IN0020170125,
SGBDEC25XI,GB,2987,2987,2987,2987,2987,2720,1,2987,05-NOV-2018,1,IN0020170133,
SGBFEB24,GB,2890,2945,2858,2899,2899,2846,205,593001.4,05-NOV-2018,51,IN0020150101,
SGBJAN26,GB,2979,3000,2979,3000,3000,2800,18,53790,05-NOV-2018,4,IN0020170166,
SGBJUL25,GB,2850,2874,2850,2873.88,2873.9,2830,552,1579992.77,05-NOV-2018,77,IN0020170034,
SGBMAR24,GB,2861,2910,2861,2906,2906,2860.2,455,1321034.45,05-NOV-2018,45,IN0020150119,
SGBMAR25,GB,2846.2,2874,2841.2,2871.24,2871.24,2840,205,587460.16,05-NOV-2018,38,IN0020160126,
SGBMAY25,GB,2880,2880,2859,2867,2867,2830,406,1163362.14,05-NOV-2018,51,IN0020170018,
SGBMAY26,GB,2880,2880,2855,2869,2869,2840,117,335839,05-NOV-2018,21,IN0020180033,
SGBNOV23,GB,2990,2990,2908.05,2967,2967,2907,75,222352.67,05-NOV-2018,23,IN0020150085,
SGBNOV24,GB,2840,2889,2840,2880.99,2882.1,2840.12,1455,4190311.19,05-NOV-2018,161,IN0020160076,
SGBNOV25,GB,2945,2950,2811,2811,2811,2820,12,35236,05-NOV-2018,3,IN0020170091,
SGBNOV258,GB,2900,3100,2900,3090,3090,2830,12,36180,05-NOV-2018,3,IN0020170109,
SGBNOV25IX,GB,2949,2949,2949,2949,2949,2801,6,17694,05-NOV-2018,2,IN0020170117,
SGBNOV25VI,GB,2940,2940,2940,2940,2940,2800,21,61740,05-NOV-2018,2,IN0020170083,
SGBOCT25,GB,2829,2999,2800,2905,2905,2800,51,146697.01,05-NOV-2018,13,IN0020170059,
SGBOCT25IV,GB,2801,2970,2705,2873,2873,2780,116,333226.54,05-NOV-2018,21,IN0020170067,
SGBOCT25V,GB,3050,3050,2854,2854,2854,2888,126,376021.86,05-NOV-2018,6,IN0020170075,
SGBOCT26,GB,3146,3146,3146,3146,3146,3188.47,20,62920,05-NOV-2018,5,IN0020180249,
SGBSEP24,GB,2914,2945.45,2861,2920.35,2920,2868,1124,3265442.09,05-NOV-2018,115,IN0020160043,
SGFL,BE,1,1,1,1,1,1,13,13,05-NOV-2018,1,INE883G01018,
SGL,BE,10.95,10.95,10.05,10.05,10.05,10.55,1703,17398.2,05-NOV-2018,17,INE353H01010,
SHAHALLOYS,EQ,19,19.6,19,19.15,19.25,19,3701,71107.5,05-NOV-2018,21,INE640C01011,
SHAKTIPUMP,EQ,383,391.85,377.95,387.1,387,383.1,34781,13412176.7,05-NOV-2018,1665,INE908D01010,
SHALBY,EQ,158.25,163.7,155.55,162.6,162.7,157.9,33004,5298286.1,05-NOV-2018,906,INE597J01018,
SHALPAINTS,EQ,103.5,108,101.1,107.3,107,101.7,201642,21468894.25,05-NOV-2018,2309,INE849C01026,
SHANKARA,EQ,1080.15,1114.55,1072,1090.9,1104,1103.5,28971,31587624.65,05-NOV-2018,2492,INE274V01019,
SHANTIGEAR,EQ,119.6,121.75,116.6,120.6,121,120.1,4042,485490.3,05-NOV-2018,110,INE631A01022,
SHARDACROP,EQ,305.05,317.05,305.05,311.4,312,314.3,7203,2250171.1,05-NOV-2018,458,INE221J01015,
SHARDAMOTR,EQ,1544.8,1575,1485.25,1502.6,1509,1522.1,1013,1530960.85,05-NOV-2018,283,INE597I01010,
SHARIABEES,EQ,244,244.99,244,244.72,244.72,240.99,75,18348.53,05-NOV-2018,12,INF732E01128,
SHARONBIO,BZ,4.55,4.75,4.55,4.75,4.75,4.55,5318,25252.5,05-NOV-2018,16,INE028B01029,
SHEMAROO,EQ,485.75,485.75,465.35,477.4,478,476.25,2308,1093371.4,05-NOV-2018,246,INE363M01019,
SHILPAMED,EQ,395.95,396.5,380,390.15,387.2,394.05,11114,4336612.4,05-NOV-2018,715,INE790G01031,
SHILPI,BZ,2.4,2.4,2.2,2.4,2.4,2.3,37173,84021.1,05-NOV-2018,68,INE510K01019,
SHIRPUR-G,EQ,80,85.5,78.7,83.4,83.25,78.85,125199,9905233.2,05-NOV-2018,114,INE196B01016,
SHIVAMAUTO,EQ,49.1,50.9,47.8,49.7,49.1,48.65,134778,6660697.35,05-NOV-2018,1287,INE637H01024,
SHIVAMILLS,EQ,50,56,49.5,53.7,54,49,4452,236821.15,05-NOV-2018,85,INE644Y01017,
SHIVATEX,EQ,220,226.4,216.5,216.7,216.5,228,527,115895.65,05-NOV-2018,25,INE705C01020,
SHK,EQ,180.15,187.9,179,184.4,184.9,184.3,29832,5459685.7,05-NOV-2018,1024,INE500L01026,
SHOPERSTOP,EQ,484.5,490,462.2,486.1,483.3,479.95,78650,37788110,05-NOV-2018,5544,INE498B01024,
SHREECEM,EQ,14730,15100,14629.7,14998.25,15000,14764.3,13352,199902587.2,05-NOV-2018,5772,INE070A01015,
SHREEPUSHK,EQ,203.25,208.15,194.3,201.2,201.1,205.1,44622,9013177.85,05-NOV-2018,1219,INE712K01011,
SHREERAMA,EQ,6.5,6.7,6.35,6.4,6.4,6.35,10021,65493.95,05-NOV-2018,36,INE879A01019,
SHRENIK,SM,83,89.25,83,89.25,89.25,81.15,82500,7311562.5,05-NOV-2018,64,INE632X01022,
SHREYANIND,EQ,173,178.1,168,172.45,171.1,172.9,12043,2105485.75,05-NOV-2018,413,INE231C01019,
SHREYAS,EQ,210,217.85,210,214.05,213.4,215.55,3574,762775.7,05-NOV-2018,241,INE757B01015,
SHRIPISTON,BE,1140,1222,1140,1201,1201,1190,67,79285.8,05-NOV-2018,18,INE526E01018,
SHRIRAMCIT,EQ,1589.95,1590,1553.05,1559.95,1560,1568,43062,67192582.8,05-NOV-2018,377,INE722A01011,
SHRIRAMCIT,ND,1104,1104,1104,1104,1104,1086,100,110400,05-NOV-2018,1,INE722A07471,
SHRIRAMCIT,NG,1696,1696,1695,1695,1695,1693,211,357646,05-NOV-2018,4,INE722A07505,
SHRIRAMEPC,EQ,11.9,12,11.25,11.9,11.85,11.9,55004,648917.95,05-NOV-2018,242,INE964H01014,
SHYAMCENT,EQ,7.5,7.5,7,7.45,7.45,7.5,8636,62436.25,05-NOV-2018,38,INE979R01011,
SHYAMTEL,BE,9.25,9.25,9.25,9.25,9.25,9.25,50,462.5,05-NOV-2018,1,INE635A01023,
SICAGEN,EQ,24.75,25.3,24.05,24.65,24.95,25.3,13201,326953.7,05-NOV-2018,142,INE176J01011,
SICAL,EQ,159.95,161.55,155.15,156.85,156.85,159.2,3093,490876.45,05-NOV-2018,196,INE075B01012,
SIEMENS,EQ,959.35,980,949.6,975.45,975.5,960.85,267898,259083617.95,05-NOV-2018,14271,INE003A01024,
SIGIND,EQ,37.75,39,37.7,38.8,38.9,38.45,3909,151335.1,05-NOV-2018,49,INE529F01035,
SIL,BE,16,16.75,16,16.05,16.05,16,298,4920.75,05-NOV-2018,6,INE173A01025,
SILGO,SM,36.05,36.05,36.05,36.05,36.05,36,78000,2811900,05-NOV-2018,6,INE01II01013,
SILINV,EQ,171.9,171.9,164.1,167.55,167.9,171.3,4452,743225.45,05-NOV-2018,167,INE923A01015,
SILLYMONKS,SM,75.25,76.25,72.05,76.25,76.25,76.25,4800,358260,05-NOV-2018,4,INE203Y01012,
SILVERTUC,SM,127.2,127.2,121.1,121.1,121.1,121.05,2000,248300,05-NOV-2018,2,INE625X01018,
SIMBHALS,BE,13.5,13.5,12.3,12.6,12.95,12.9,14350,179035.7,05-NOV-2018,65,INE748T01016,
SIMPLEX,BZ,14.3,14.3,13.15,13.45,13.45,13.7,1250,17213.5,05-NOV-2018,10,INE898F01018,
SIMPLEXINF,EQ,233.3,239,228.6,237.45,236.65,232.55,7583,1790066.55,05-NOV-2018,596,INE059B01024,
SINTEX,EQ,12.4,12.55,12.1,12.35,12.35,12.4,839795,10375923.7,05-NOV-2018,1657,INE429C01035,
SIS,EQ,860,915,860,864.55,870,879.75,6350,5594640.65,05-NOV-2018,659,INE285J01010,
SITASHREE,BE,0.65,0.75,0.65,0.75,0.75,0.7,6790,4980.9,05-NOV-2018,15,INE686I01011,
SITINET,EQ,10.5,10.9,10.3,10.6,10.65,10.3,2170257,23206864.45,05-NOV-2018,931,INE965H01011,
SIYSIL,EQ,375.5,380,371.7,377.6,380,372.25,2341,880080.75,05-NOV-2018,248,INE076B01028,
SJVN,EQ,28.35,28.45,27.95,28.15,28.3,28.1,150646,4239406.2,05-NOV-2018,785,INE002L01015,
SKFINDIA,EQ,1795.75,1795.75,1780.05,1790,1790,1789.7,12514,22391030.15,05-NOV-2018,918,INE640A01023,
SKIL,EQ,12.45,12.45,11.85,11.85,11.85,12.45,6191,73616.2,05-NOV-2018,20,INE429F01012,
SKIPPER,EQ,96.45,97,94,95.3,95.5,95.45,23935,2281576.1,05-NOV-2018,717,INE439E01022,
SKMEGGPROD,EQ,70,72.55,68,70.1,71,69.1,60895,4280591.5,05-NOV-2018,580,INE411D01015,
SKSTEXTILE,SM,36,36,36,36,36,37.8,1000,36000,05-NOV-2018,1,INE507Y01016,
SMARTLINK,EQ,89.05,95.05,89.05,93.1,93,90.8,7990,743490.6,05-NOV-2018,333,INE178C01020,
SMLISUZU,EQ,739.95,753.95,718.8,724,720,734.55,10844,7970167.2,05-NOV-2018,907,INE294B01019,
SMPL,BE,0.5,0.5,0.45,0.5,0.5,0.5,5010,2503.65,05-NOV-2018,8,INE215G01021,
SMSLIFE,EQ,409.9,424,409.9,423.5,423.5,401,485,201091.3,05-NOV-2018,36,INE320X01016,
SMSPHARMA,EQ,68.5,73.7,66.75,68.6,68.6,68.4,46717,3265913.4,05-NOV-2018,595,INE812G01025,
SMVD,SM,16.5,17,16.5,17,17,16,12000,199000,05-NOV-2018,2,INE702Y01013,
SNOWMAN,EQ,36.5,37.25,36.4,36.8,36.7,36.85,76836,2821413.3,05-NOV-2018,464,INE734N01019,
SOBHA,EQ,455.8,460,441.05,459.3,459.1,452.85,75190,34071683.95,05-NOV-2018,2984,INE671H01015,
SOFTTECH,SM,42,44.9,41.75,44.9,44.9,43,16000,686160,05-NOV-2018,7,INE728Z01015,
SOLARA,EQ,310,310,298,299.5,298,304.6,15169,4586336,05-NOV-2018,632,INE624Z01016,
SOLARINDS,EQ,1016.2,1034.95,992.35,1021.7,1030,995.45,3157,3202427.05,05-NOV-2018,303,INE343H01029,
SOMANYCERA,EQ,343,345.95,328.45,330.2,332,346.1,52573,17530341.5,05-NOV-2018,1381,INE355A01028,
SOMATEX,EQ,6.3,6.5,6,6.25,6.4,6.2,23859,147659.5,05-NOV-2018,51,INE314C01013,
SOMICONVEY,EQ,30.6,31.8,30.6,31.7,31.75,30.45,1569,48934.85,05-NOV-2018,24,INE323J01019,
SONAMCLOCK,SM,36.9,36.9,36.9,36.9,36.9,38.4,3000,110700,05-NOV-2018,1,INE00LM01011,
SONATSOFTW,EQ,313,322,309.35,312.5,310.3,308.6,204550,64687902.6,05-NOV-2018,6641,INE269A01021,
SORILINFRA,EQ,405.1,423.95,393.95,402.8,401,413.75,57353,23003212.3,05-NOV-2018,1648,INE034H01016,
SOTL,EQ,1068.05,1068.05,1022,1023.3,1022,1065.3,392,403834.2,05-NOV-2018,76,INE035D01012,
SOUTHBANK,EQ,14.75,14.9,14.5,14.7,14.75,14.7,7153109,105179188.3,05-NOV-2018,6004,INE683A01023,
SOUTHWEST,SM,50.7,51,50,50,50,50.25,6400,322720,05-NOV-2018,4,INE980Y01015,
SPAL,EQ,277,286,277,282.85,282,278,799,225018.7,05-NOV-2018,62,INE212I01016,
SPARC,EQ,294.35,296.85,290.55,293.1,292.3,294.35,82734,24287432.65,05-NOV-2018,5760,INE232I01014,
SPCENET,BE,0.4,0.4,0.35,0.4,0.4,0.4,8431,3364,05-NOV-2018,15,INE970N01027,
SPECIALITY,EQ,78.5,83.7,72.2,73.25,72.55,77.55,111019,8564146.85,05-NOV-2018,880,INE247M01014,
SPENTEX,BE,2.4,2.4,2.2,2.25,2.2,2.3,8176,18257.4,05-NOV-2018,9,INE376C01020,
SPIC,EQ,25.95,26.35,25.9,26.05,26,26.05,52889,1387414.85,05-NOV-2018,230,INE147A01011,
SPICEMOBI,EQ,11.85,13.45,11.15,11.75,11.75,12.1,3328,41034.7,05-NOV-2018,35,INE927C01020,
SPLIL,EQ,35.5,37.5,34.2,35.15,35,35.75,41888,1485306.2,05-NOV-2018,338,INE978G01016,
SPMLINFRA,EQ,55,55.05,52.1,53.95,54.3,54.1,28150,1506825.35,05-NOV-2018,444,INE937A01023,
SPTL,EQ,25.35,25.45,24.7,24.8,24.85,25.45,2131923,53106488.55,05-NOV-2018,8151,INE501W01021,
SPYL,BE,0.25,0.3,0.2,0.2,0.3,0.25,99708,21803.15,05-NOV-2018,34,INE268L01020,
SQSBFSI,EQ,447,459.7,435,436.8,436.25,441.35,4136,1818694.7,05-NOV-2018,193,INE201K01015,
SREEL,EQ,189.4,189.4,175.05,176.9,175.05,177.25,14353,2581127,05-NOV-2018,361,INE099F01013,
SREIBNPNCD,NL,900,900,900,900,900,909.76,25,22500,05-NOV-2018,1,INE881J07EN8,
SREIBNPNCD,NN,1049.99,1049.99,1049.99,1049.99,1049.99,1050,10,10499.9,05-NOV-2018,1,INE881J07EP3,
SREIBNPNCD,NO,905,905,905,905,905,953.4,5,4525,05-NOV-2018,1,INE881J08573,
SREIBNPNCD,NP,855,855,790.1,790.1,790.1,900,10,8225.5,05-NOV-2018,2,INE881J08581,
SREIBNPNCD,NS,900,900,900,900,900,900,27,24300,05-NOV-2018,2,INE881J08615,
SREIBNPNCD,NU,927,933,927,933,933,950,25,23225,05-NOV-2018,4,INE881J08631,
SREIBNPNCD,NV,930,930,930,930,930,920,36,33480,05-NOV-2018,3,INE881J08649,
SREINFRA,EQ,35.4,37,34.65,36.7,37,35.35,4763986,171572530.75,05-NOV-2018,10986,INE872A01014,
SREINFRA,NT,1034,1034,1034,1034,0.0,1034,19,19646,05-NOV-2018,3,INE872A07SY3,
SREINFRA,NU,1635,1635,1635,1635,1635,1600,13,21255,05-NOV-2018,1,INE872A07SZ0,
SREINFRA,NZ,980,980,980,980,980,965,30,29400,05-NOV-2018,1,INE872A07UA9,
SREINFRA,Y1,925,925,891,896.55,900,918,510,459399.35,05-NOV-2018,33,INE872A07UB7,
SREINFRA,Y8,940,940,940,940,940,974.27,25,23500,05-NOV-2018,3,INE872A07UI2,
SREINFRA,Y9,900.01,973,900.01,973,973,899,70,65985.1,05-NOV-2018,6,INE872A07UJ0,
SREINFRA,YM,945,945,945,945,945,947,12,11340,05-NOV-2018,2,INE872A08DI6,
SREINFRA,YO,1045.9,1045.9,1045.9,1045.9,1045.9,1045.9,67,70075.3,05-NOV-2018,2,INE872A08DK2,
SRF,EQ,1943,2002.5,1927.4,1990.9,1998,1958.8,332099,652743042.85,05-NOV-2018,14292,INE647A01010,
SRHHYPOLTD,EQ,150.45,154,150.45,152.3,154,152.25,2218,338612.8,05-NOV-2018,48,INE917H01012,
SRIPIPES,EQ,193.4,193.4,183.1,184.65,184.05,190.8,52144,9644772.85,05-NOV-2018,1229,INE943C01027,
SRSLTD,BZ,0.35,0.4,0.3,0.35,0.4,0.35,417432,142989.05,05-NOV-2018,78,INE219H01039,
SRTRANSFIN,EQ,1240.05,1253.55,1205.6,1245.75,1251.4,1254,684397,846010721,05-NOV-2018,27010,INE721A01013,
SRTRANSFIN,Y8,1030,1030,1030,1030,1030,1022,20,20600,05-NOV-2018,1,INE721A07HI8,
SRTRANSFIN,YH,989.7,989.7,989.7,989.7,989.7,978,2,1979.4,05-NOV-2018,1,INE721A07NT3,
SRTRANSFIN,YI,985,985,985,985,985,990,150,147750,05-NOV-2018,3,INE721A07NU1,
SRTRANSFIN,YJ,999,999,999,999,999,999.6,110,109890,05-NOV-2018,3,INE721A07NV9,
SRTRANSFIN,YK,990,991,985.1,991,991,985.17,114,112905,05-NOV-2018,6,INE721A07NW7,
SRTRANSFIN,YL,1000,1000,1000,1000,1000,985,100,100000,05-NOV-2018,2,INE721A07NX5,
SRTRANSFIN,YM,995,995,995,995,995,985.1,150,149250,05-NOV-2018,2,INE721A07NY3,
SSINFRA,SM,15.9,16.95,15.9,16.95,16.95,16.25,12000,197100,05-NOV-2018,2,INE182Z01015,
SSWL,EQ,1057,1089.95,1035.2,1062.05,1079,1046,7128,7566441.1,05-NOV-2018,807,INE802C01017,
STAMPEDE,EQ,1.35,1.45,1.35,1.4,1.45,1.4,202283,285136,05-NOV-2018,208,INE224E01028,
STAN,DR,47.55,50.35,47.55,48.65,48.15,48.8,2960,145525.15,05-NOV-2018,60,INE028L21018,
STAR,EQ,422,438.25,422,428.5,427.7,419.85,1500704,646372058.4,05-NOV-2018,25381,INE939A01011,
STARCEMENT,EQ,105,105,101.55,102.35,101.8,105,22523,2316025.6,05-NOV-2018,565,INE460H01021,
STARPAPER,EQ,180.2,182.7,175.05,177.95,178.1,178.75,86330,15453482.4,05-NOV-2018,1506,INE733A01018,
STCINDIA,EQ,123,125.85,121.65,125.05,125.75,123.1,135530,16828334.3,05-NOV-2018,2553,INE655A01013,
STEELCITY,SM,75.2,75.2,71.95,72.85,71.95,78,12000,892500,05-NOV-2018,5,INE395H01011,
STEELXIND,EQ,19,19.95,18.75,19.25,18.9,19.5,9755,187824.5,05-NOV-2018,70,INE503B01013,
STEL,EQ,98.4,99,93.2,93.6,93.7,98.1,30793,2913940.9,05-NOV-2018,242,INE577L01016,
STERLINBIO,BZ,0.65,0.75,0.65,0.7,0.7,0.7,16887,12594.45,05-NOV-2018,30,INE324C01038,
STERTOOLS,EQ,338.95,356.35,336,350.25,350,342.9,8179,2818859.95,05-NOV-2018,489,INE334A01023,
STINDIA,EQ,14,14.5,13.3,13.3,13.3,13.85,2117,29328.35,05-NOV-2018,25,INE090C01019,
STRTECH,EQ,374,374,361.05,364.3,364.45,374.55,985244,360622055.5,05-NOV-2018,20741,INE089C01029,
SUBEX,BE,5.95,6.05,5.85,5.9,5.9,5.85,1467626,8766028.65,05-NOV-2018,612,INE754A01014,
SUBROS,EQ,289.9,289.9,278,280.45,279,286.75,30770,8743513.15,05-NOV-2018,1484,INE287B01021,
SUDARSCHEM,EQ,372.1,377.5,370.6,372.9,372,375.25,13809,5169724.45,05-NOV-2018,928,INE659A01023,
SUJANAUNI,EQ,0.3,0.3,0.3,0.3,0.3,0.35,3655,1096.5,05-NOV-2018,11,INE216G01011,
SUMEETINDS,EQ,4.8,4.8,4.65,4.7,4.7,4.75,176217,840517.45,05-NOV-2018,206,INE235C01010,
SUMIT,SM,43.2,45.05,42.75,44,44,41.9,99000,4287750,05-NOV-2018,10,INE748Z01013,
SUMMITSEC,EQ,560.05,583.95,558,575.1,577.95,569.25,703,401550.75,05-NOV-2018,88,INE519C01017,
SUNCLAYLTD,EQ,3585.05,3640.15,3554.95,3607.2,3591,3531.7,631,2268752.35,05-NOV-2018,271,INE105A01035,
SUNDARAM,EQ,2.3,2.35,2.25,2.25,2.3,2.3,210531,483734.1,05-NOV-2018,212,INE108E01023,
SUNDARMFIN,EQ,1490.45,1490.45,1463.05,1469.75,1470,1468.45,5210,7659005.6,05-NOV-2018,683,INE660A01013,
SUNDARMHLD,EQ,102.85,103.5,101.1,101.45,101.25,101.45,5267,537466.15,05-NOV-2018,103,INE202Z01029,
SUNDRMBRAK,EQ,407.8,450,407.8,419.05,415,405.8,1407,595863.55,05-NOV-2018,155,INE073D01013,
SUNDRMFAST,EQ,537.95,541,520,525.15,522.85,532.75,102318,54088332.35,05-NOV-2018,4311,INE387A01021,
SUNFLAG,EQ,63.9,66.2,63.5,64.85,64.95,63.7,208436,13554222.55,05-NOV-2018,1297,INE947A01014,
SUNILHITEC,BE,1.85,1.85,1.85,1.85,1.85,1.8,47003,86955.55,05-NOV-2018,43,INE305H01028,
SUNPHARMA,EQ,571,583.95,564.25,571.6,575.6,571.85,2962317,1700713690.4,05-NOV-2018,81746,INE044A01036,
SUNTECK,EQ,346.9,351,338.1,342.8,343.1,348.05,135708,46483555.4,05-NOV-2018,8604,INE805D01034,
SUNTV,EQ,658,658,612.1,618,617,663.2,4985520,3107319871.2,05-NOV-2018,98766,INE424H01027,
SUPERHOUSE,EQ,132,135.7,131,134.5,133.6,130.05,41438,5515284.4,05-NOV-2018,786,INE712B01010,
SUPERSPIN,EQ,7.45,7.75,7.45,7.75,7.75,7.4,26149,202362.9,05-NOV-2018,38,INE662A01027,
SUPPETRO,EQ,225,228.5,220.9,222.75,221.1,224.8,6042,1353285.7,05-NOV-2018,482,INE663A01017,
SUPRAJIT,EQ,238.95,238.95,230.35,232.65,234.2,234,7054,1643094.6,05-NOV-2018,761,INE399C01030,
SUPREMEIND,EQ,1002.55,1005.9,979.65,989.65,988,996.35,18025,17990419.25,05-NOV-2018,2076,INE195A01028,
SUPREMEINF,EQ,26.2,27.4,25,25.85,25.9,26.4,14654,385941.05,05-NOV-2018,77,INE550H01011,
SURANAIND,BZ,1.35,1.35,1.35,1.35,1.35,1.4,150,202.5,05-NOV-2018,1,INE659D01019,
SURANASOL,EQ,8.7,9.05,8.6,8.7,8.65,8.7,14316,125517.9,05-NOV-2018,57,INE272L01022,
SURANAT&P,EQ,4.4,4.75,4.4,4.75,4.75,4.5,11134,51201.1,05-NOV-2018,13,INE130B01031,
SURYALAXMI,EQ,42.55,42.55,39.5,40.05,40.05,41.35,8219,332451.8,05-NOV-2018,45,INE713B01026,
SURYAROSNI,EQ,216.25,221,214,216.9,216.5,218.15,83595,18260112.6,05-NOV-2018,1234,INE335A01012,
SUTLEJTEX,EQ,46.4,47,45.35,46.6,47,46.4,7752,357322.85,05-NOV-2018,129,INE645H01027,
SUULD,SM,23,24.5,23,24.5,24.5,24.7,24000,572000,05-NOV-2018,3,INE591Q01016,
SUVEN,EQ,236.3,242.2,235.8,240.95,241.6,236.3,252323,60383982.9,05-NOV-2018,4999,INE495B01038,
SUZLON,EQ,6.3,6.4,6.2,6.3,6.25,6.3,20823825,130790112.5,05-NOV-2018,8680,INE040H01021,
SVLL,SM,61.5,65,61.5,65,65,61.25,18000,1127850,05-NOV-2018,6,INE00CE01017,
SWANENERGY,EQ,102.6,103.75,100.35,101.8,100.65,101.7,111713,11399643.7,05-NOV-2018,1320,INE665A01038,
SWARAJENG,EQ,1518.45,1536,1486.25,1495.2,1490.8,1518.45,2050,3084121.9,05-NOV-2018,358,INE277A01016,
SWELECTES,EQ,281.3,285.35,276.05,280.2,280.15,281.2,1281,362154.6,05-NOV-2018,90,INE409B01013,
SYMPHONY,EQ,1013.9,1030,1001.75,1005.65,1004,1013.9,10604,10726794.9,05-NOV-2018,1137,INE225D01027,
SYNCOM,EQ,3.6,3.6,3.4,3.5,3.5,3.45,13960,49209.95,05-NOV-2018,56,INE602K01014,
SYNDIBANK,EQ,34.3,34.9,34.05,34.6,34.7,34.35,3324601,114835150.25,05-NOV-2018,5842,INE667A01018,
SYNGENE,EQ,578.8,584.7,576,579.9,580,574.7,34321,19925473.8,05-NOV-2018,2957,INE398R01022,
TAINWALCHM,EQ,84.35,89.95,84.35,87.95,88.95,84.35,1622,141736.1,05-NOV-2018,18,INE123C01018,
TAJGVK,EQ,157.5,159.8,154,159.25,159.45,163.8,42387,6677817.4,05-NOV-2018,1709,INE586B01026,
TAKE,EQ,152,157,148.05,149.55,150.55,153.45,140497,21380735.55,05-NOV-2018,2717,INE142I01023,
TALBROAUTO,EQ,233.55,243,227,240.1,239.1,229,16292,3880980.65,05-NOV-2018,444,INE187D01011,
TALWALKARS,EQ,50.9,50.9,50,50.9,50.9,48.5,329130,16751692,05-NOV-2018,245,INE502K01016,
TALWGYM,EQ,129,129.2,126.65,127.5,127.1,129.25,62666,7995370.35,05-NOV-2018,458,INE627Z01019,
TANLA,EQ,34.15,34.4,33.2,33.4,33.35,34.8,51597,1735366.15,05-NOV-2018,271,INE483C01032,
TANTIACONS,BE,5.15,5.2,4.8,5.1,5.1,5,515,2612.15,05-NOV-2018,14,INE388G01018,
TARAJEWELS,BE,3.5,3.8,3.5,3.75,3.75,3.65,33802,121212.25,05-NOV-2018,94,INE799L01016,
TARAPUR,EQ,3.5,3.5,3.5,3.5,3.5,3.55,125,437.5,05-NOV-2018,3,INE747K01017,
TARMAT,EQ,33.35,34.55,31.7,33,32.15,33.35,5738,192326.3,05-NOV-2018,78,INE924H01018,
TASTYBITE,EQ,8412,8600,8412,8564.55,8589,8497.4,108,922022.7,05-NOV-2018,78,INE488B01017,
TATACHEM,EQ,692.95,693,668,680.15,681,696.15,1102545,748422002.2,05-NOV-2018,21315,INE092A01019,
TATACOFFEE,EQ,96.95,98.9,96.1,97.8,97.5,97.2,278840,27117214.5,05-NOV-2018,2720,INE493A01027,
TATACOMM,EQ,490.6,501.95,486.5,495.2,493,490.6,304275,150756872.55,05-NOV-2018,15826,INE151A01013,
TATAELXSI,EQ,1051.9,1090,1040.3,1064.15,1062.6,1047.3,969015,1039020788.4,05-NOV-2018,46253,INE670A01012,
TATAGLOBAL,EQ,217.5,221.35,217.05,219.85,219.75,217.65,977010,214078049.25,05-NOV-2018,12967,INE192A01025,
TATAINVEST,EQ,707.1,715,698,702.65,703,706.85,14674,10344961.65,05-NOV-2018,1631,INE672A01018,
TATAMETALI,EQ,649,666.9,642.6,662.15,663,647.05,55785,36630211.1,05-NOV-2018,2657,INE056C01010,
TATAMOTORS,EQ,191.3,191.3,186.65,189.8,189.85,190.3,14818506,2797330817.65,05-NOV-2018,104949,INE155A01022,
TATAMTRDVR,EQ,102,103.2,100.4,102.15,101.9,102.55,1661402,168886992.95,05-NOV-2018,16147,IN9155A01020,
TATAPOWER,EQ,74.9,75.85,73.25,75.3,75.7,76,4561329,340401236.6,05-NOV-2018,20180,INE245A01021,
TATASPONGE,EQ,812,823,805.5,812.2,809.9,809.2,61579,50113621.6,05-NOV-2018,2965,INE674A01014,
TATASTEEL,E1,110,126.7,105,122.9,123.85,115.2,844128,103931777.8,05-NOV-2018,5292,IN9081A01010,
TATASTEEL,EQ,574,583.6,567.5,577.45,576.9,574.05,4535856,2618235298.15,05-NOV-2018,79045,INE081A01012,
TBZ,EQ,65.25,70.25,65.25,67.65,67.65,64.8,610276,41555278.2,05-NOV-2018,6034,INE760L01018,
TCFSL,NB,999,1001,999,1000.99,1001,999.99,110,109964.9,05-NOV-2018,9,INE306N07KD6,
TCFSL,ND,1007,1007,1003,1006.98,1006.98,1004.74,800,804429.88,05-NOV-2018,30,INE306N07KF1,
TCFSL,NF,1001.05,1005,1001.05,1005,1005,1005.5,1345,1349827.5,05-NOV-2018,12,INE306N08292,
TCI,EQ,276.05,278.5,264.25,269.45,270,276.05,63860,17277140.15,05-NOV-2018,2936,INE688A01022,
TCIDEVELOP,EQ,400,400,351,365.15,365,379,36,13407.7,05-NOV-2018,15,INE662L01016,
TCIEXP,EQ,575,611.9,575,607.1,610,584.65,9101,5494919.2,05-NOV-2018,604,INE586V01016,
TCIFINANCE,EQ,17,17.6,16.15,16.65,16.75,17.35,7064,117978.65,05-NOV-2018,115,INE911B01018,
TCNSBRANDS,EQ,612.95,664,609.9,628.3,628,612.95,106203,67986535.4,05-NOV-2018,8073,INE778U01029,
TCPLPACK,EQ,457,485.75,457,485.75,485.75,404.8,36459,17631233.7,05-NOV-2018,946,INE822C01015,
TCS,EQ,1910,1927.35,1884.75,1890.85,1894,1913.45,1713366,3257810198.8,05-NOV-2018,97267,INE467B01029,
TDPOWERSYS,EQ,135,135,129.85,130.35,130,133.95,6006,791549,05-NOV-2018,132,INE419M01019,
TEAMLEASE,EQ,2655.05,2700,2624.55,2666.6,2665,2652.35,2383,6340131.15,05-NOV-2018,1163,INE985S01024,
TECHM,EQ,692,708.7,690.1,696.35,696.05,690.9,2782174,1946123622.15,05-NOV-2018,70771,INE669C01036,
TECHNOFAB,EQ,150,150,140.35,143.75,140.35,142,4183,611288.85,05-NOV-2018,94,INE509K01011,
TEJASNET,EQ,257.05,263.25,255,258.65,258.95,260.95,28285,7300296.85,05-NOV-2018,1694,INE010J01012,
TERASOFT,EQ,29.5,30.2,28.8,29.1,29.2,29.7,3039,89011.6,05-NOV-2018,53,INE482B01010,
TEXINFRA,EQ,59.95,60.55,57.2,57.45,57.3,59.2,15364,900944.45,05-NOV-2018,242,INE435C01024,
TEXMOPIPES,EQ,24.5,25.2,24.5,24.5,24.5,25.75,43752,1073013.1,05-NOV-2018,177,INE141K01013,
TEXRAIL,EQ,63.5,65.1,61.1,63.1,63,62.05,324580,20448002.2,05-NOV-2018,2765,INE621L01012,
TFCILTD,EQ,125.3,125.55,122.75,123.8,123.6,124.4,37589,4652118.45,05-NOV-2018,573,INE305A01015,
TFL,EQ,4.6,4.6,4.6,4.6,4.6,4.4,4000,18400,05-NOV-2018,4,INE804H01012,
TGBHOTELS,EQ,13.5,13.55,13.5,13.55,13.55,12.95,3131,42412.45,05-NOV-2018,22,INE797H01018,
THANGAMAYL,EQ,386.7,389.05,365.05,369.8,369.2,380.35,8280,3126956.3,05-NOV-2018,506,INE085J01014,
THEINVEST,EQ,191.1,192.7,180.1,186.3,186.5,190.8,7939,1490904.35,05-NOV-2018,128,INE924D01017,
THEMISMED,EQ,358.8,359.25,320.1,352.05,354,346.3,710,244240.8,05-NOV-2018,99,INE083B01016,
THERMAX,EQ,1035,1040,1017.4,1030.55,1032,1031.65,30435,31388901.3,05-NOV-2018,2130,INE152A01029,
THIRUSUGAR,EQ,30.4,30.4,27.8,28.35,28.5,28.6,6427,183439.9,05-NOV-2018,58,INE409A01015,
THOMASCOOK,EQ,210.1,220.2,209.05,217.35,218.25,212.15,397777,86292048.2,05-NOV-2018,13400,INE332A01027,
THYROCARE,EQ,553.4,553.85,549,549.65,549.25,548.45,12740,7007030.45,05-NOV-2018,679,INE594H01019,
TI,EQ,15.1,15.1,14.6,14.7,14.7,14.85,37408,551903.35,05-NOV-2018,124,INE133E01013,
TIDEWATER,EQ,5511.05,5650,5511.05,5632.65,5650,5606.35,516,2897901.4,05-NOV-2018,164,INE484C01022,
TIFIN,EQ,496.6,496.75,472,483.2,481.2,490.05,26095,12526177.3,05-NOV-2018,1850,INE149A01033,
TIIL,EQ,648.95,648.95,607.75,614.25,615,617.6,13352,8285741.75,05-NOV-2018,656,INE545H01011,
TIINDIA,EQ,295,300,294,298.05,295.5,294.25,26589,7898076.9,05-NOV-2018,1370,INE974X01010,
TIJARIA,EQ,19.15,21.05,19,21.05,21,19.15,262875,5364101.6,05-NOV-2018,1345,INE440L01017,
TIL,EQ,304.7,318.5,299.6,302.7,305.9,299.6,4648,1418706.5,05-NOV-2018,339,INE806C01018,
TIMESGTY,EQ,28,28.1,28,28.1,28.1,26.8,1302,36482.2,05-NOV-2018,10,INE289C01025,
TIMETECHNO,EQ,118.95,123,118,119.85,120.45,118.6,91658,11012252.95,05-NOV-2018,1393,INE508G01029,
TIMKEN,EQ,530,540,522,526.45,522.1,527.1,15419,8191685.85,05-NOV-2018,2706,INE325A01013,
TINPLATE,EQ,153.9,156.85,152.05,154,153.2,153.6,242022,37303954.35,05-NOV-2018,4495,INE422C01014,
TIPSINDLTD,EQ,64,65.3,63.75,63.9,63.75,65.15,2347,150790.05,05-NOV-2018,47,INE716B01011,
TIRUMALCHM,EQ,126.4,132.4,124.05,130.25,130.9,126.5,593965,77247200.75,05-NOV-2018,7459,INE338A01024,
TIRUPATIFL,SM,50,51.2,50,50.6,50.6,48.8,6000,303600,05-NOV-2018,3,INE319Y01016,
TITAN,EQ,870,872.4,856.55,863.7,862.2,871,1903690,1645484325.25,05-NOV-2018,97588,INE280A01028,
TMRVL,EQ,38.5,41,38,39.9,39.8,40.3,4635,184882.7,05-NOV-2018,89,INE759V01019,
TNPETRO,EQ,39.3,40.4,38.5,38.7,38.5,39.3,213732,8397793.2,05-NOV-2018,1316,INE148A01019,
TNPL,EQ,275.2,282.95,273,276.95,276.1,272.2,143902,39989335.35,05-NOV-2018,3532,INE107A01015,
TNTELE,BE,2.45,2.45,2.45,2.45,2.45,2.35,100,245,05-NOV-2018,4,INE141D01018,
TODAYS,BZ,0.65,0.7,0.65,0.7,0.7,0.7,1150,760.1,05-NOV-2018,4,INE944B01019,
TOKYOPLAST,EQ,43.55,52.1,43.35,45,45.3,44,11184,526002.7,05-NOV-2018,257,INE932C01012,
TORNTPHARM,EQ,1657,1658,1571,1597.1,1608,1630.6,497306,801880746.1,05-NOV-2018,39724,INE685A01028,
TORNTPOWER,EQ,253.8,269.3,253.8,265.2,265.2,256.35,2032245,537080144.9,05-NOV-2018,21555,INE813H01021,
TOTAL,SM,27,28,27,28,28,27.1,9000,246150,05-NOV-2018,3,INE336X01012,
TPLPLASTEH,EQ,178,184,175.6,177.95,179.45,177.2,5377,965077.05,05-NOV-2018,158,INE413G01014,
TRANSWIND,SM,18.15,18.15,18.15,18.15,18.15,16.5,4000,72600,05-NOV-2018,1,INE792X01016,
TREEHOUSE,EQ,6.9,6.9,6.3,6.3,6.3,6.6,69884,448995.35,05-NOV-2018,162,INE040M01013,
TRENT,EQ,329,329,319,322.1,321.05,327.4,86555,27984677.7,05-NOV-2018,3145,INE849A01020,
TRF,EQ,127.15,130.95,125.25,127.05,128.2,127.4,10324,1317939.4,05-NOV-2018,389,INE391D01019,
TRIDENT,EQ,67.05,68.2,66.5,67.25,67.15,67.05,432340,29085100.9,05-NOV-2018,3888,INE064C01014,
TRIGYN,EQ,79.9,95.4,79.2,95.4,95.4,79.5,557874,50810353.7,05-NOV-2018,6156,INE948A01012,
TRIL,EQ,15.05,15.5,14.3,14.8,14.6,14.9,70500,1050510.5,05-NOV-2018,227,INE763I01026,
TRITURBINE,EQ,114,114.85,111.25,112.95,112.85,112,153806,17376288.5,05-NOV-2018,3411,INE152M01016,
TRIVENI,EQ,47.2,47.2,45.5,45.8,45.8,47.25,432678,19932709.55,05-NOV-2018,2588,INE256C01024,
TTKHLTCARE,EQ,795.75,797.95,760,763.8,761,776.35,3801,2922926.8,05-NOV-2018,892,INE910C01018,
TTKPRESTIG,EQ,6732,6899,6732,6875.5,6841.15,6822.75,1378,9427832.75,05-NOV-2018,702,INE690A01010,
TTL,EQ,67,69.9,64.5,68.9,68.9,66.1,8272,561542.95,05-NOV-2018,156,INE592B01016,
TTML,EQ,4,4,3.95,4,4,4,319396,1271730.85,05-NOV-2018,271,INE517B01013,
TULSI,BE,0.8,0.9,0.8,0.9,0.9,0.85,6659,5534.65,05-NOV-2018,13,INE474I01012,
TV18BRDCST,EQ,37.75,38.5,37.4,37.7,37.7,38.05,2870532,108685403.15,05-NOV-2018,7457,INE886H01027,
TVSELECT,EQ,222.8,222.8,222.8,222.8,222.8,234.5,11194,2494023.2,05-NOV-2018,300,INE236G01019,
TVSMOTOR,EQ,559.7,561.65,552.2,559.6,560,553.45,559934,311989733.45,05-NOV-2018,10071,INE494B01023,
TVSSRICHAK,EQ,2621.65,2648,2602,2606.55,2613.95,2582.95,918,2405584.5,05-NOV-2018,278,INE421C01016,
TVTODAY,EQ,387.55,387.55,369,377.1,376,396.9,55296,20801162.75,05-NOV-2018,2887,INE038F01029,
TVVISION,EQ,4.1,4.5,4.1,4.5,4.5,4.3,32069,140042.25,05-NOV-2018,49,INE871L01013,
TWL,EQ,70.55,72.15,69.5,70.45,70.65,70.8,251301,17769550.35,05-NOV-2018,2353,INE615H01020,
UBL,EQ,1259,1276.55,1236,1256.5,1262.45,1258.65,297433,372921579,05-NOV-2018,12666,INE686F01025,
UCALFUEL,EQ,197.5,201.7,185.2,187.1,186.8,195.1,77939,14847382.9,05-NOV-2018,1511,INE139B01016,
UCOBANK,EQ,19.2,21.6,19.2,20.95,20.9,18.4,7592790,159370944.2,05-NOV-2018,16920,INE691A01018,
UFLEX,EQ,303.45,310.95,297.85,302.35,301.1,302.5,74783,22692603.25,05-NOV-2018,2153,INE516A01017,
UFO,EQ,310.45,315,307,313.5,315,307.45,1810,563654.75,05-NOV-2018,141,INE527H01019,
UGARSUGAR,BE,13.8,14.65,13.8,13.95,14.15,14.45,29802,419077.45,05-NOV-2018,136,INE071E01023,
UJAAS,EQ,8.8,9.3,8.55,8.7,8.7,8.65,289369,2565080.05,05-NOV-2018,689,INE899L01022,
UJJIVAN,EQ,217.6,219.5,207.25,211.3,210.5,216.85,1749930,372077458.05,05-NOV-2018,34692,INE334L01012,
ULTRACEMCO,EQ,3716.95,3795.4,3657.85,3774.55,3761,3730.8,229476,857001798.65,05-NOV-2018,26968,INE481G01011,
UMANGDAIRY,EQ,66,66.95,62.35,64.55,65.05,67.5,14177,917812.7,05-NOV-2018,248,INE864B01027,
UMESLTD,BE,1.8,1.8,1.8,1.8,1.8,1.8,200,360,05-NOV-2018,1,INE240C01028,
UNICHEMLAB,EQ,216.3,217.6,213,213.9,213.9,216.3,281202,60330688.05,05-NOV-2018,1985,INE351A01035,
UNIENTER,EQ,97.65,98.7,95.65,97.4,97.75,95.15,10474,1024455.6,05-NOV-2018,175,INE037A01022,
UNIONBANK,EQ,75.95,80,75.05,79.45,79.5,75.75,12440081,973119008.8,05-NOV-2018,32060,INE692A01016,
UNIPLY,EQ,59,64.95,58.95,61.65,61.75,57.6,267948,16508700.6,05-NOV-2018,2062,INE950G01023,
UNITECH,EQ,2.25,2.25,2.2,2.25,2.2,2.25,4906005,10880945.55,05-NOV-2018,1973,INE694A01020,
UNITEDBNK,EQ,10.95,11.25,10.85,11.1,11.1,11,404351,4493301.05,05-NOV-2018,633,INE695A01019,
UNITEDTEA,EQ,355,380,350,375.1,366,362.75,1551,564838.25,05-NOV-2018,45,INE458F01011,
UNITY,BZ,1.75,1.75,1.7,1.7,1.7,1.75,5087,8700.4,05-NOV-2018,13,INE466H01028,
UNIVCABLES,EQ,301.75,312.8,297,309.65,309,302.8,252828,77940462.6,05-NOV-2018,5375,INE279A01012,
UPL,EQ,708.45,728.7,699.45,724.3,726.6,711.45,1482446,1062343220.05,05-NOV-2018,39435,INE628A01036,
URJA,BE,2.5,2.5,2.3,2.45,2.5,2.4,1812677,4436228.4,05-NOV-2018,1378,INE550C01020,
USHAMART,EQ,38,42.1,38,41.7,41.8,37.9,6751988,277582081.95,05-NOV-2018,12701,INE228A01035,
USHERAGRO,BE,1.4,1.45,1.4,1.45,1.45,1.4,4287,6181.75,05-NOV-2018,14,INE235G01011,
UTIFEFRGR4,MF,8.5,8.5,8.28,8.31,8.31,7.9,20590,171700.2,05-NOV-2018,6,INF789FC1T29,
UTINEXT50,EQ,276.85,279.8,276.5,277.38,279.8,276.69,77,21341.28,05-NOV-2018,14,INF789FC1N82,
UTINIFTETF,EQ,1109.9,1109.9,1108.15,1108.15,1108.15,1099.8,15,16633,05-NOV-2018,4,INF789FB1X41,
UTISENSETF,EQ,364.74,365,360.05,364.98,364.98,364.75,38,13794.51,05-NOV-2018,13,INF789FB1X58,
UTTAMSTL,EQ,12.3,12.3,11.5,12.3,12.3,11.75,1376915,16775321.7,05-NOV-2018,1392,INE699A01011,
UTTAMSUGAR,EQ,143.8,148.5,138.5,139.45,139.9,142.9,77944,11044251.05,05-NOV-2018,1310,INE786F01031,
UVSL,EQ,0.1,0.1,0.05,0.1,0.1,0.1,24749198,2439763,05-NOV-2018,561,INE292A01023,
UWCSL,ST,34.95,34.95,34.85,34.85,34.85,35.05,8000,279200,05-NOV-2018,2,INE00F301010,
V2RETAIL,EQ,260,281.7,252.2,273.45,273,295.7,271977,74060217.1,05-NOV-2018,9646,INE945H01013,
VADILALIND,EQ,459.45,469.9,441.4,452.5,452,463.45,7034,3206775.75,05-NOV-2018,697,INE694D01016,
VAIBHAVGBL,EQ,700.05,708.6,691,698.3,707.05,698.1,2978,2079023.6,05-NOV-2018,548,INE884A01019,
VAKRANGEE,EQ,22.8,24.65,22.35,22.5,22.5,23.5,25946335,613066076,05-NOV-2018,43256,INE051B01021,
VARDHACRLC,EQ,41.65,42,41.3,41.9,42,41.4,11234,470321.6,05-NOV-2018,82,INE116G01013,
VARDMNPOLY,EQ,11.45,11.45,11.05,11.4,11.4,11.25,6082,68620.35,05-NOV-2018,37,INE835A01011,
VARROC,EQ,820,829.85,802.1,813.8,819.7,816.75,8906,7266259.4,05-NOV-2018,1141,INE665L01035,
VASA,SM,28,28,27.95,27.95,27.95,29.4,8000,223800,05-NOV-2018,2,INE068Z01016,
VASCONEQ,EQ,19.4,19.4,18.4,18.8,18.95,18.95,220631,4147096.8,05-NOV-2018,802,INE893I01013,
VASWANI,EQ,9.7,9.7,9.15,9.25,9.15,9.6,4846,44954.2,05-NOV-2018,31,INE590L01019,
VBL,EQ,757,779.95,735.4,768.35,769,755.95,32545,24771165.25,05-NOV-2018,3767,INE200M01013,
VEDL,EQ,225.45,227.75,220.8,222.45,223.1,225.9,13542401,3035248746.95,05-NOV-2018,94511,INE205A01025,
VENKEYS,EQ,2870,2954.95,2361,2432.1,2410,2822.9,847309,2225689114.8,05-NOV-2018,91139,INE398A01010,
VENUSREM,EQ,40.95,41.05,39.1,40.05,40.25,39.7,16486,665341.45,05-NOV-2018,255,INE411B01019,
VERTOZ,SM,193.5,193.5,192.35,192.4,192.45,192.5,14400,2774820,05-NOV-2018,12,INE188Y01015,
VESUVIUS,EQ,1102.95,1117.95,1080,1092.95,1080,1092.55,1464,1606847.8,05-NOV-2018,373,INE386A01015,
VETO,EQ,98.7,101.75,94.3,96.65,96.95,98.5,44412,4347604.7,05-NOV-2018,694,INE918N01018,
VGUARD,EQ,193.55,195.8,191.2,194,193.65,194.95,538799,104213712.95,05-NOV-2018,9100,INE951I01027,
VHL,EQ,2218.95,2300,2156.05,2190.35,2210,2160,194,430098.35,05-NOV-2018,81,INE701A01023,
VICEROY,EQ,5.6,5.6,5.25,5.3,5.3,5.5,72258,384387.1,05-NOV-2018,147,INE048C01017,
VIDEOIND,BZ,3.45,3.45,3.3,3.4,3.4,3.3,295929,1003871.9,05-NOV-2018,476,INE703A01011,
VIDHIING,EQ,79.8,85,76.1,81.25,81.4,77.3,150464,12292281.55,05-NOV-2018,1489,INE632C01026,
VIJAYABANK,EQ,43.25,43.7,42.6,42.85,42.75,43.2,888249,38190077.5,05-NOV-2018,8260,INE705A01016,
VIJIFIN,BE,4,4.05,3.75,3.95,4,3.9,70810,269377.2,05-NOV-2018,79,INE159N01027,
VIJSHAN,EQ,7.9,7.9,7.4,7.5,7.55,7.5,16388,123680.8,05-NOV-2018,59,INE806F01011,
VIKASECO,EQ,15.2,15.3,14.55,14.8,14.8,15.1,375361,5568352.9,05-NOV-2018,1641,INE806A01020,
VIMTALABS,EQ,266,273.75,266,272.7,271.25,266.95,7667,2074618.4,05-NOV-2018,382,INE579C01029,
VINATIORGA,EQ,1495,1550,1478,1502.15,1504,1499.5,23524,35617203.75,05-NOV-2018,5437,INE410B01029,
VINDHYATEL,EQ,1521.9,1533.6,1478.05,1521.55,1529.05,1513.2,2759,4171866.8,05-NOV-2018,399,INE707A01012,
VINYLINDIA,EQ,77.5,83.95,77.5,80.5,79.45,79.95,12431,1007353.9,05-NOV-2018,247,INE250B01029,
VIPCLOTHNG,EQ,40.5,40.5,37.3,37.85,37.95,40.55,144423,5519489.1,05-NOV-2018,1745,INE450G01024,
VIPIND,EQ,472,472,445.6,449.4,450,470.5,205620,93129361.85,05-NOV-2018,8906,INE054A01027,
VIPULLTD,EQ,47.25,47.5,44.4,44.85,45,47.4,82832,3759070.1,05-NOV-2018,543,INE946H01037,
VISAKAIND,EQ,480,500.05,467.85,470.85,470,510.1,67418,32453370.95,05-NOV-2018,2907,INE392A01013,
VISASTEEL,EQ,10.5,10.5,9.7,9.95,10.05,10.1,26112,259820.25,05-NOV-2018,76,INE286H01012,
VISESHINFO,EQ,0.1,0.1,0.05,0.1,0.1,0.1,2208151,172334.3,05-NOV-2018,182,INE861A01058,
VISHNU,EQ,161.8,165.7,157.6,160.55,161.8,164.7,5238,845188.25,05-NOV-2018,197,INE270I01014,
VIVIDHA,EQ,0.8,0.8,0.75,0.8,0.8,0.75,173038,133574.7,05-NOV-2018,74,INE370E01029,
VIVIMEDLAB,EQ,40.4,40.8,38.4,38.8,38.5,40.55,476610,18795938.35,05-NOV-2018,2333,INE526G01021,
VLSFINANCE,EQ,61,62.05,60.45,60.7,60.7,61.7,15322,934935.25,05-NOV-2018,341,INE709A01018,
VMART,EQ,2640.75,2720,2640.75,2640.75,2640.75,2779.7,39994,105718047.5,05-NOV-2018,1423,INE665J01013,
VOLTAMP,EQ,835,906,829.45,885.35,900,835.35,16830,14482045.55,05-NOV-2018,3065,INE540H01012,
VOLTAS,EQ,547.45,554.5,533.1,540.2,538.25,548.5,1997213,1088211865.4,05-NOV-2018,31860,INE226A01021,
VRLLOG,EQ,272,282,271,280.85,279,273.75,32061,8913150.3,05-NOV-2018,1147,INE366I01010,
VSSL,EQ,108.4,110.05,103.1,104.95,105.25,109.6,8855,942227.55,05-NOV-2018,268,INE050M01012,
VSTIND,EQ,3200,3213.55,3135,3184.6,3201.75,3167.6,1712,5468378.65,05-NOV-2018,444,INE710A01016,
VSTTILLERS,EQ,1823.85,1823.85,1765.5,1777.85,1770,1823.85,3967,7113042.95,05-NOV-2018,512,INE764D01017,
VTL,EQ,1045,1056.95,1045,1055,1055,1050.85,3126,3292609.4,05-NOV-2018,691,INE825A01012,
WABAG,EQ,276.6,285.95,272.7,275,275,274.45,282743,78280143.95,05-NOV-2018,5463,INE956G01038,
WABCOINDIA,EQ,6740,6979.85,6587.15,6682.45,6676.25,6654.9,4641,31420959.05,05-NOV-2018,1424,INE342J01019,
WALCHANNAG,EQ,99,100.45,97.25,99.2,98.75,99.25,124004,12281827.65,05-NOV-2018,1992,INE711A01022,
WANBURY,BE,19.85,20.45,19.5,20.45,20.45,20.5,293,5882.2,05-NOV-2018,20,INE107F01022,
WEBELSOLAR,EQ,36.25,36.25,33,33.35,33.15,34.65,52896,1791119,05-NOV-2018,596,INE855C01015,
WEIZFOREX,EQ,510.05,515.85,502.65,504.95,503.1,509.55,2156,1097970.1,05-NOV-2018,233,INE726L01019,
WEIZMANIND,EQ,39,40,36.5,39.5,38.8,38.1,8767,335868.45,05-NOV-2018,66,INE080A01014,
WELCORP,EQ,141.7,144.5,135,141.05,143.4,139.95,380138,52899730.45,05-NOV-2018,6733,INE191B01025,
WELENT,EQ,119.35,120.25,116,118.1,117.75,120,143286,16940274.3,05-NOV-2018,1954,INE625G01013,
WELINV,EQ,148,153.95,145.05,153.95,153.95,149,90,13483.15,05-NOV-2018,9,INE389K01018,
WELSPUNIND,EQ,60.45,61.1,59.3,59.65,59.55,60.85,608517,36549437.05,05-NOV-2018,6216,INE192B01031,
WENDT,EQ,3126,3200,3050,3123.4,3179.95,3158,337,1062954.15,05-NOV-2018,89,INE274C01019,
WHEELS,EQ,1058.3,1061.05,1014.8,1021.5,1014.85,1049.7,1780,1827789.05,05-NOV-2018,334,INE715A01015,
WHIRLPOOL,EQ,1345,1379.9,1337.05,1369.25,1371,1361.05,14376,19675585.75,05-NOV-2018,1373,INE716A01013,
WILLAMAGOR,EQ,58.5,59,55.4,58.2,57.25,56.35,2914,168707.35,05-NOV-2018,44,INE210A01017,
WINDMACHIN,EQ,63.3,66.85,61,64.95,65.15,65.55,178868,11403420.95,05-NOV-2018,1065,INE052A01021,
WIPL,BE,56.3,58,56.3,58,58,59,430,24430,05-NOV-2018,3,INE215F01023,
WIPRO,EQ,315.1,325.5,314.1,324.1,323.95,318.4,2554071,820211905.45,05-NOV-2018,48901,INE075A01022,
WOCKPHARMA,EQ,510.8,522,500.1,507.5,508,511.2,890498,456806647.25,05-NOV-2018,16568,INE049B01025,
WONDERLA,EQ,284.9,285,280,280.9,280.05,282.6,8169,2304922.7,05-NOV-2018,907,INE066O01014,
WSI,BE,3.65,3.85,3.65,3.85,3.85,3.8,2121,7941.85,05-NOV-2018,7,INE100D01014,
WSTCSTPAPR,EQ,399.9,407.15,396.05,397.75,397.25,395.8,145166,58096691.4,05-NOV-2018,5606,INE976A01021,
XCHANGING,EQ,49.1,51.95,47.05,48.4,48.5,46.6,108024,5371681.4,05-NOV-2018,1367,INE692G01013,
XLENERGY,BE,1,1.05,1,1.05,1.05,1.05,330,345,05-NOV-2018,2,INE183H01011,
XPROINDIA,EQ,40.7,42,39,39.15,39.15,41.5,5756,226166.8,05-NOV-2018,72,INE445C01015,
YESBANK,EQ,209,212.35,206.1,210.1,210.8,209.1,21134350,4425803976.8,05-NOV-2018,152861,INE528G01027,
ZEEL,EQ,440.05,447.85,432.1,438.35,439.6,441.35,1102185,481657252.55,05-NOV-2018,42162,INE256A01028,
ZEEL,P2,7.55,7.6,7.45,7.55,7.55,7.65,3582191,27002006.8,05-NOV-2018,66,INE256A04022,
ZEELEARN,EQ,40.25,40.95,39.6,40.05,40.2,40.25,129928,5203295.55,05-NOV-2018,2096,INE565L01011,
ZEEMEDIA,EQ,26,26.05,25.45,25.7,25.9,25.75,177347,4556905.2,05-NOV-2018,899,INE966H01019,
ZENITHBIR,BE,0.75,0.8,0.75,0.8,0.8,0.75,37185,27944.9,05-NOV-2018,21,INE318D01020,
ZENITHEXPO,EQ,41.4,41.45,38.1,40.1,40.1,39.5,217,8890.3,05-NOV-2018,6,INE058B01018,
ZENSARTECH,EQ,253.75,257.95,234.3,239.7,239.7,258.9,122040,29967424.9,05-NOV-2018,11284,INE520A01027,
ZENTEC,EQ,69.65,72.65,68.95,69.5,69.7,69.6,28431,1998747.85,05-NOV-2018,594,INE251B01027,
ZICOM,EQ,9.2,9.2,8.5,8.55,8.55,8.8,22596,195862.65,05-NOV-2018,81,INE871B01014,
ZODIACLOTH,EQ,143.5,145.8,140,140.25,140.2,144.6,886,127335.9,05-NOV-2018,34,INE206B01013,
ZODJRDMKJ,EQ,41.7,41.7,36.1,40.95,40.95,39.3,1607,62631.05,05-NOV-2018,59,INE077B01018,
ZOTA,SM,254.5,258.35,251.75,258.1,258,254.5,12000,3067400,05-NOV-2018,24,INE358U01012,
ZUARI,EQ,239.95,244.3,234.9,236.75,236.3,238.25,13494,3227833.45,05-NOV-2018,521,INE840M01016,
ZUARIGLOB,EQ,117.85,118.6,114.65,115.3,115,118.2,21322,2476625.85,05-NOV-2018,499,INE217A01012,
ZYDUSWELL,EQ,1200,1210,1175,1180.9,1186.65,1180.15,12408,14744829.3,05-NOV-2018,1334,INE768C01010,
ZYLOG,BE,0.8,0.9,0.8,0.85,0.85,0.85,2316,1993.8,05-NOV-2018,11,INE225I01026,
